ISO-10303-21;
HEADER;
/* Generated by software containing ST-Developer
 * from STEP Tools, Inc. (www.steptools.com) 
 */
/* OPTION: strings as raw bytes, not using required /X/ escapes */

FILE_DESCRIPTION(
/* description */ ('Unknown'),
/* implementation_level */ '2;1');

FILE_NAME(
/* name */ 'PS1740P02CE',
/* time_stamp */ '2024-06-21T11:57:34+02:00',
/* author */ ('Unknown'),
/* organization */ ('Unknown'),
/* preprocessor_version */ 'ST-DEVELOPER v18.102',
/* originating_system */ 'Solid Edge',
/* authorisation */ 'Unknown');

FILE_SCHEMA (('AUTOMOTIVE_DESIGN {1 0 10303 214 3 1 1}'));
ENDSEC;

DATA;
#10=PROPERTY_DEFINITION_REPRESENTATION(#14,#12);
#11=PROPERTY_DEFINITION_REPRESENTATION(#15,#13);
#12=REPRESENTATION('',(#16),#4490);
#13=REPRESENTATION('',(#17),#4490);
#14=PROPERTY_DEFINITION('pmi validation property','',#4495);
#15=PROPERTY_DEFINITION('pmi validation property','',#4495);
#16=VALUE_REPRESENTATION_ITEM('number of annotations',COUNT_MEASURE(0.));
#17=VALUE_REPRESENTATION_ITEM('number of views',COUNT_MEASURE(0.));
#18=SHAPE_REPRESENTATION_RELATIONSHIP('','',#2929,#19);
#19=ADVANCED_BREP_SHAPE_REPRESENTATION('',(#2927),#4490);
#20=TOROIDAL_SURFACE('',#3068,7.75,0.75);
#21=TOROIDAL_SURFACE('',#3114,8.4,0.1);
#22=TOROIDAL_SURFACE('',#3115,8.4,0.1);
#23=TOROIDAL_SURFACE('',#3116,8.4,0.1);
#24=TOROIDAL_SURFACE('',#3117,8.4,0.1);
#25=TOROIDAL_SURFACE('',#3118,8.4,0.1);
#26=TOROIDAL_SURFACE('',#3119,8.4,0.1);
#27=TOROIDAL_SURFACE('',#3120,8.3,0.1);
#28=TOROIDAL_SURFACE('',#3121,8.3,0.1);
#29=TOROIDAL_SURFACE('',#3122,8.3,0.1);
#30=TOROIDAL_SURFACE('',#3123,8.3,0.1);
#31=TOROIDAL_SURFACE('',#3124,8.3,0.1);
#32=TOROIDAL_SURFACE('',#3125,8.3,0.1);
#33=TOROIDAL_SURFACE('',#3126,1.9,0.1);
#34=TOROIDAL_SURFACE('',#3127,1.9,0.1);
#35=TOROIDAL_SURFACE('',#3131,1.072,0.0720000000000001);
#36=CONICAL_SURFACE('',#3052,0.125000000000001,0.463647609000805);
#37=CONICAL_SURFACE('',#3055,0.124999999999999,0.463647609000809);
#38=PLANE('',#2956);
#39=PLANE('',#2960);
#40=PLANE('',#2961);
#41=PLANE('',#2962);
#42=PLANE('',#2964);
#43=PLANE('',#2968);
#44=PLANE('',#2969);
#45=PLANE('',#2970);
#46=PLANE('',#2972);
#47=PLANE('',#2976);
#48=PLANE('',#2977);
#49=PLANE('',#2978);
#50=PLANE('',#2980);
#51=PLANE('',#2984);
#52=PLANE('',#2985);
#53=PLANE('',#2986);
#54=PLANE('',#2988);
#55=PLANE('',#2992);
#56=PLANE('',#2993);
#57=PLANE('',#2994);
#58=PLANE('',#3005);
#59=PLANE('',#3017);
#60=PLANE('',#3020);
#61=PLANE('',#3023);
#62=PLANE('',#3025);
#63=PLANE('',#3026);
#64=PLANE('',#3027);
#65=PLANE('',#3029);
#66=PLANE('',#3030);
#67=PLANE('',#3031);
#68=PLANE('',#3033);
#69=PLANE('',#3034);
#70=PLANE('',#3035);
#71=PLANE('',#3038);
#72=PLANE('',#3042);
#73=PLANE('',#3043);
#74=PLANE('',#3044);
#75=PLANE('',#3045);
#76=PLANE('',#3047);
#77=PLANE('',#3051);
#78=PLANE('',#3053);
#79=PLANE('',#3054);
#80=PLANE('',#3056);
#81=PLANE('',#3057);
#82=PLANE('',#3060);
#83=PLANE('',#3063);
#84=PLANE('',#3065);
#85=PLANE('',#3069);
#86=PLANE('',#3070);
#87=PLANE('',#3071);
#88=PLANE('',#3074);
#89=PLANE('',#3076);
#90=PLANE('',#3079);
#91=PLANE('',#3080);
#92=PLANE('',#3084);
#93=PLANE('',#3085);
#94=PLANE('',#3086);
#95=PLANE('',#3088);
#96=PLANE('',#3089);
#97=PLANE('',#3092);
#98=PLANE('',#3094);
#99=PLANE('',#3095);
#100=PLANE('',#3098);
#101=PLANE('',#3100);
#102=PLANE('',#3101);
#103=PLANE('',#3104);
#104=PLANE('',#3106);
#105=PLANE('',#3107);
#106=PLANE('',#3113);
#107=PLANE('',#3130);
#108=B_SPLINE_CURVE_WITH_KNOTS('',3,(#3711,#3712,#3713,#3714),
 .UNSPECIFIED.,.F.,.F.,(4,4),(0.,0.000474947110860977),.UNSPECIFIED.);
#109=B_SPLINE_CURVE_WITH_KNOTS('',3,(#3718,#3719,#3720,#3721),
 .UNSPECIFIED.,.F.,.F.,(4,4),(0.,0.000474946762216962),.UNSPECIFIED.);
#110=B_SPLINE_CURVE_WITH_KNOTS('',3,(#3729,#3730,#3731,#3732),
 .UNSPECIFIED.,.F.,.F.,(4,4),(0.,0.000474947110860977),.UNSPECIFIED.);
#111=B_SPLINE_CURVE_WITH_KNOTS('',3,(#3736,#3737,#3738,#3739),
 .UNSPECIFIED.,.F.,.F.,(4,4),(0.,0.000474946762216962),.UNSPECIFIED.);
#112=B_SPLINE_CURVE_WITH_KNOTS('',3,(#3747,#3748,#3749,#3750),
 .UNSPECIFIED.,.F.,.F.,(4,4),(0.,0.000474947110860977),.UNSPECIFIED.);
#113=B_SPLINE_CURVE_WITH_KNOTS('',3,(#3754,#3755,#3756,#3757),
 .UNSPECIFIED.,.F.,.F.,(4,4),(0.,0.000474946762216962),.UNSPECIFIED.);
#114=B_SPLINE_CURVE_WITH_KNOTS('',3,(#3765,#3766,#3767,#3768),
 .UNSPECIFIED.,.F.,.F.,(4,4),(0.,0.000474947110860977),.UNSPECIFIED.);
#115=B_SPLINE_CURVE_WITH_KNOTS('',3,(#3772,#3773,#3774,#3775),
 .UNSPECIFIED.,.F.,.F.,(4,4),(0.,0.000474946762216962),.UNSPECIFIED.);
#116=B_SPLINE_CURVE_WITH_KNOTS('',3,(#3783,#3784,#3785,#3786),
 .UNSPECIFIED.,.F.,.F.,(4,4),(0.,0.000474947110860977),.UNSPECIFIED.);
#117=B_SPLINE_CURVE_WITH_KNOTS('',3,(#3790,#3791,#3792,#3793),
 .UNSPECIFIED.,.F.,.F.,(4,4),(0.,0.000474946762216962),.UNSPECIFIED.);
#118=B_SPLINE_CURVE_WITH_KNOTS('',3,(#3801,#3802,#3803,#3804),
 .UNSPECIFIED.,.F.,.F.,(4,4),(0.,0.000474947110860977),.UNSPECIFIED.);
#119=B_SPLINE_CURVE_WITH_KNOTS('',3,(#3808,#3809,#3810,#3811),
 .UNSPECIFIED.,.F.,.F.,(4,4),(0.,0.000474946762216962),.UNSPECIFIED.);
#120=B_SPLINE_CURVE_WITH_KNOTS('',3,(#3871,#3872,#3873,#3874),
 .UNSPECIFIED.,.F.,.F.,(4,4),(2.16840434497101E-19,0.000474849126576334),
 .UNSPECIFIED.);
#121=B_SPLINE_CURVE_WITH_KNOTS('',3,(#3878,#3879,#3880,#3881),
 .UNSPECIFIED.,.F.,.F.,(4,4),(0.,0.000474848844273083),.UNSPECIFIED.);
#122=B_SPLINE_CURVE_WITH_KNOTS('',3,(#3889,#3890,#3891,#3892),
 .UNSPECIFIED.,.F.,.F.,(4,4),(2.16840434497101E-19,0.000156430811297718),
 .UNSPECIFIED.);
#123=B_SPLINE_CURVE_WITH_KNOTS('',3,(#3896,#3897,#3898,#3899),
 .UNSPECIFIED.,.F.,.F.,(4,4),(9.69739903612216E-19,0.000156431124470553),
 .UNSPECIFIED.);
#124=B_SPLINE_CURVE_WITH_KNOTS('',3,(#3913,#3914,#3915,#3916),
 .UNSPECIFIED.,.F.,.F.,(4,4),(3.25260651745651E-19,0.000474849126576334),
 .UNSPECIFIED.);
#125=B_SPLINE_CURVE_WITH_KNOTS('',3,(#3920,#3921,#3922,#3923),
 .UNSPECIFIED.,.F.,.F.,(4,4),(0.,0.000474848844273083),.UNSPECIFIED.);
#126=B_SPLINE_CURVE_WITH_KNOTS('',3,(#3931,#3932,#3933,#3934),
 .UNSPECIFIED.,.F.,.F.,(4,4),(2.16840434497101E-19,0.000156430811297716),
 .UNSPECIFIED.);
#127=B_SPLINE_CURVE_WITH_KNOTS('',3,(#3936,#3937,#3938,#3939),
 .UNSPECIFIED.,.F.,.F.,(4,4),(0.,0.000156431124470553),.UNSPECIFIED.);
#128=B_SPLINE_CURVE_WITH_KNOTS('',3,(#3953,#3954,#3955,#3956),
 .UNSPECIFIED.,.F.,.F.,(4,4),(2.16840434497101E-19,0.000474849126576334),
 .UNSPECIFIED.);
#129=B_SPLINE_CURVE_WITH_KNOTS('',3,(#3960,#3961,#3962,#3963),
 .UNSPECIFIED.,.F.,.F.,(4,4),(0.,0.000474848844273083),.UNSPECIFIED.);
#130=B_SPLINE_CURVE_WITH_KNOTS('',3,(#3971,#3972,#3973,#3974),
 .UNSPECIFIED.,.F.,.F.,(4,4),(4.33680868994202E-19,0.000156430811297719),
 .UNSPECIFIED.);
#131=B_SPLINE_CURVE_WITH_KNOTS('',3,(#3976,#3977,#3978,#3979),
 .UNSPECIFIED.,.F.,.F.,(4,4),(0.,0.000156431124470552),.UNSPECIFIED.);
#132=B_SPLINE_CURVE_WITH_KNOTS('',3,(#3993,#3994,#3995,#3996),
 .UNSPECIFIED.,.F.,.F.,(4,4),(3.25260651745652E-19,0.000474849126576334),
 .UNSPECIFIED.);
#133=B_SPLINE_CURVE_WITH_KNOTS('',3,(#4000,#4001,#4002,#4003),
 .UNSPECIFIED.,.F.,.F.,(4,4),(0.,0.000474848844273083),.UNSPECIFIED.);
#134=B_SPLINE_CURVE_WITH_KNOTS('',3,(#4011,#4012,#4013,#4014),
 .UNSPECIFIED.,.F.,.F.,(4,4),(2.16840434497101E-19,0.000156430811297717),
 .UNSPECIFIED.);
#135=B_SPLINE_CURVE_WITH_KNOTS('',3,(#4016,#4017,#4018,#4019),
 .UNSPECIFIED.,.F.,.F.,(4,4),(0.,0.000156431124470553),.UNSPECIFIED.);
#136=B_SPLINE_CURVE_WITH_KNOTS('',3,(#4033,#4034,#4035,#4036),
 .UNSPECIFIED.,.F.,.F.,(4,4),(2.16840434497101E-19,0.000474849126576334),
 .UNSPECIFIED.);
#137=B_SPLINE_CURVE_WITH_KNOTS('',3,(#4040,#4041,#4042,#4043),
 .UNSPECIFIED.,.F.,.F.,(4,4),(0.,0.000474848844273083),.UNSPECIFIED.);
#138=B_SPLINE_CURVE_WITH_KNOTS('',3,(#4051,#4052,#4053,#4054),
 .UNSPECIFIED.,.F.,.F.,(4,4),(4.33680868994202E-19,0.000156430811297718),
 .UNSPECIFIED.);
#139=B_SPLINE_CURVE_WITH_KNOTS('',3,(#4056,#4057,#4058,#4059),
 .UNSPECIFIED.,.F.,.F.,(4,4),(0.,0.000156431124470552),.UNSPECIFIED.);
#140=B_SPLINE_CURVE_WITH_KNOTS('',3,(#4079,#4080,#4081,#4082),
 .UNSPECIFIED.,.F.,.F.,(4,4),(2.16840434497101E-19,0.000474849126576334),
 .UNSPECIFIED.);
#141=B_SPLINE_CURVE_WITH_KNOTS('',3,(#4086,#4087,#4088,#4089),
 .UNSPECIFIED.,.F.,.F.,(4,4),(0.,0.000474848844273083),.UNSPECIFIED.);
#142=B_SPLINE_CURVE_WITH_KNOTS('',3,(#4227,#4228,#4229,#4230),
 .UNSPECIFIED.,.F.,.F.,(4,4),(0.,0.000157520901334567),.UNSPECIFIED.);
#143=B_SPLINE_CURVE_WITH_KNOTS('',3,(#4239,#4240,#4241,#4242),
 .UNSPECIFIED.,.F.,.F.,(4,4),(0.,0.000157519266565475),.UNSPECIFIED.);
#144=B_SPLINE_CURVE_WITH_KNOTS('',3,(#4261,#4262,#4263,#4264),
 .UNSPECIFIED.,.F.,.F.,(4,4),(0.,0.000157519266565473),.UNSPECIFIED.);
#145=B_SPLINE_CURVE_WITH_KNOTS('',3,(#4269,#4270,#4271,#4272),
 .UNSPECIFIED.,.F.,.F.,(4,4),(2.16840434497101E-19,0.000157520901334539),
 .UNSPECIFIED.);
#146=B_SPLINE_CURVE_WITH_KNOTS('',3,(#4316,#4317,#4318,#4319),
 .UNSPECIFIED.,.F.,.F.,(4,4),(4.33680868994202E-19,0.000156430811297719),
 .UNSPECIFIED.);
#147=B_SPLINE_CURVE_WITH_KNOTS('',3,(#4322,#4323,#4324,#4325),
 .UNSPECIFIED.,.F.,.F.,(4,4),(0.,0.000156431124470552),.UNSPECIFIED.);
#148=B_SPLINE_CURVE_WITH_KNOTS('',3,(#4339,#4340,#4341,#4342),
 .UNSPECIFIED.,.F.,.F.,(4,4),(0.,0.000156432810950844),.UNSPECIFIED.);
#149=B_SPLINE_CURVE_WITH_KNOTS('',3,(#4350,#4351,#4352,#4353),
 .UNSPECIFIED.,.F.,.F.,(4,4),(0.,0.000156432494277376),.UNSPECIFIED.);
#150=B_SPLINE_CURVE_WITH_KNOTS('',3,(#4367,#4368,#4369,#4370),
 .UNSPECIFIED.,.F.,.F.,(4,4),(0.,0.000156432494277376),.UNSPECIFIED.);
#151=B_SPLINE_CURVE_WITH_KNOTS('',3,(#4372,#4373,#4374,#4375),
 .UNSPECIFIED.,.F.,.F.,(4,4),(0.,0.000156432810950843),.UNSPECIFIED.);
#152=B_SPLINE_CURVE_WITH_KNOTS('',3,(#4383,#4384,#4385,#4386),
 .UNSPECIFIED.,.F.,.F.,(4,4),(0.,0.000156432810950843),.UNSPECIFIED.);
#153=B_SPLINE_CURVE_WITH_KNOTS('',3,(#4392,#4393,#4394,#4395),
 .UNSPECIFIED.,.F.,.F.,(4,4),(0.,0.000156432494277375),.UNSPECIFIED.);
#154=B_SPLINE_CURVE_WITH_KNOTS('',3,(#4405,#4406,#4407,#4408),
 .UNSPECIFIED.,.F.,.F.,(4,4),(0.,0.000156432810950842),.UNSPECIFIED.);
#155=B_SPLINE_CURVE_WITH_KNOTS('',3,(#4414,#4415,#4416,#4417),
 .UNSPECIFIED.,.F.,.F.,(4,4),(0.,0.000156432494277376),.UNSPECIFIED.);
#156=B_SPLINE_CURVE_WITH_KNOTS('',3,(#4427,#4428,#4429,#4430),
 .UNSPECIFIED.,.F.,.F.,(4,4),(0.,0.000156432810950843),.UNSPECIFIED.);
#157=B_SPLINE_CURVE_WITH_KNOTS('',3,(#4436,#4437,#4438,#4439),
 .UNSPECIFIED.,.F.,.F.,(4,4),(0.,0.000156432494277377),.UNSPECIFIED.);
#158=B_SPLINE_CURVE_WITH_KNOTS('',3,(#4449,#4450,#4451,#4452),
 .UNSPECIFIED.,.F.,.F.,(4,4),(0.,0.000156432810950843),.UNSPECIFIED.);
#159=B_SPLINE_CURVE_WITH_KNOTS('',3,(#4458,#4459,#4460,#4461),
 .UNSPECIFIED.,.F.,.F.,(4,4),(0.,0.000156432494277375),.UNSPECIFIED.);
#160=LINE('',#3709,#328);
#161=LINE('',#3723,#329);
#162=LINE('',#3727,#330);
#163=LINE('',#3741,#331);
#164=LINE('',#3745,#332);
#165=LINE('',#3759,#333);
#166=LINE('',#3763,#334);
#167=LINE('',#3777,#335);
#168=LINE('',#3781,#336);
#169=LINE('',#3795,#337);
#170=LINE('',#3799,#338);
#171=LINE('',#3813,#339);
#172=LINE('',#3814,#340);
#173=LINE('',#3819,#341);
#174=LINE('',#3823,#342);
#175=LINE('',#3827,#343);
#176=LINE('',#3831,#344);
#177=LINE('',#3835,#345);
#178=LINE('',#3839,#346);
#179=LINE('',#3843,#347);
#180=LINE('',#3847,#348);
#181=LINE('',#3851,#349);
#182=LINE('',#3855,#350);
#183=LINE('',#3859,#351);
#184=LINE('',#3863,#352);
#185=LINE('',#3867,#353);
#186=LINE('',#3869,#354);
#187=LINE('',#3876,#355);
#188=LINE('',#3884,#356);
#189=LINE('',#3885,#357);
#190=LINE('',#3887,#358);
#191=LINE('',#3894,#359);
#192=LINE('',#3901,#360);
#193=LINE('',#3905,#361);
#194=LINE('',#3909,#362);
#195=LINE('',#3911,#363);
#196=LINE('',#3918,#364);
#197=LINE('',#3926,#365);
#198=LINE('',#3927,#366);
#199=LINE('',#3929,#367);
#200=LINE('',#3941,#368);
#201=LINE('',#3945,#369);
#202=LINE('',#3949,#370);
#203=LINE('',#3951,#371);
#204=LINE('',#3958,#372);
#205=LINE('',#3966,#373);
#206=LINE('',#3967,#374);
#207=LINE('',#3969,#375);
#208=LINE('',#3981,#376);
#209=LINE('',#3985,#377);
#210=LINE('',#3989,#378);
#211=LINE('',#3991,#379);
#212=LINE('',#3998,#380);
#213=LINE('',#4006,#381);
#214=LINE('',#4007,#382);
#215=LINE('',#4009,#383);
#216=LINE('',#4021,#384);
#217=LINE('',#4025,#385);
#218=LINE('',#4029,#386);
#219=LINE('',#4031,#387);
#220=LINE('',#4038,#388);
#221=LINE('',#4046,#389);
#222=LINE('',#4047,#390);
#223=LINE('',#4049,#391);
#224=LINE('',#4061,#392);
#225=LINE('',#4067,#393);
#226=LINE('',#4077,#394);
#227=LINE('',#4093,#395);
#228=LINE('',#4097,#396);
#229=LINE('',#4098,#397);
#230=LINE('',#4102,#398);
#231=LINE('',#4103,#399);
#232=LINE('',#4107,#400);
#233=LINE('',#4108,#401);
#234=LINE('',#4112,#402);
#235=LINE('',#4113,#403);
#236=LINE('',#4117,#404);
#237=LINE('',#4118,#405);
#238=LINE('',#4122,#406);
#239=LINE('',#4127,#407);
#240=LINE('',#4130,#408);
#241=LINE('',#4132,#409);
#242=LINE('',#4134,#410);
#243=LINE('',#4136,#411);
#244=LINE('',#4138,#412);
#245=LINE('',#4140,#413);
#246=LINE('',#4142,#414);
#247=LINE('',#4143,#415);
#248=LINE('',#4148,#416);
#249=LINE('',#4150,#417);
#250=LINE('',#4151,#418);
#251=LINE('',#4156,#419);
#252=LINE('',#4158,#420);
#253=LINE('',#4159,#421);
#254=LINE('',#4162,#422);
#255=LINE('',#4164,#423);
#256=LINE('',#4166,#424);
#257=LINE('',#4168,#425);
#258=LINE('',#4170,#426);
#259=LINE('',#4172,#427);
#260=LINE('',#4174,#428);
#261=LINE('',#4176,#429);
#262=LINE('',#4180,#430);
#263=LINE('',#4181,#431);
#264=LINE('',#4185,#432);
#265=LINE('',#4187,#433);
#266=LINE('',#4191,#434);
#267=LINE('',#4192,#435);
#268=LINE('',#4196,#436);
#269=LINE('',#4201,#437);
#270=LINE('',#4202,#438);
#271=LINE('',#4204,#439);
#272=LINE('',#4206,#440);
#273=LINE('',#4211,#441);
#274=LINE('',#4212,#442);
#275=LINE('',#4214,#443);
#276=LINE('',#4216,#444);
#277=LINE('',#4218,#445);
#278=LINE('',#4223,#446);
#279=LINE('',#4225,#447);
#280=LINE('',#4232,#448);
#281=LINE('',#4233,#449);
#282=LINE('',#4235,#450);
#283=LINE('',#4237,#451);
#284=LINE('',#4246,#452);
#285=LINE('',#4251,#453);
#286=LINE('',#4253,#454);
#287=LINE('',#4255,#455);
#288=LINE('',#4259,#456);
#289=LINE('',#4265,#457);
#290=LINE('',#4267,#458);
#291=LINE('',#4274,#459);
#292=LINE('',#4278,#460);
#293=LINE('',#4280,#461);
#294=LINE('',#4284,#462);
#295=LINE('',#4288,#463);
#296=LINE('',#4290,#464);
#297=LINE('',#4293,#465);
#298=LINE('',#4295,#466);
#299=LINE('',#4308,#467);
#300=LINE('',#4320,#468);
#301=LINE('',#4326,#469);
#302=LINE('',#4328,#470);
#303=LINE('',#4329,#471);
#304=LINE('',#4333,#472);
#305=LINE('',#4337,#473);
#306=LINE('',#4344,#474);
#307=LINE('',#4348,#475);
#308=LINE('',#4355,#476);
#309=LINE('',#4359,#477);
#310=LINE('',#4361,#478);
#311=LINE('',#4365,#479);
#312=LINE('',#4377,#480);
#313=LINE('',#4381,#481);
#314=LINE('',#4388,#482);
#315=LINE('',#4390,#483);
#316=LINE('',#4399,#484);
#317=LINE('',#4403,#485);
#318=LINE('',#4410,#486);
#319=LINE('',#4412,#487);
#320=LINE('',#4421,#488);
#321=LINE('',#4425,#489);
#322=LINE('',#4432,#490);
#323=LINE('',#4434,#491);
#324=LINE('',#4443,#492);
#325=LINE('',#4447,#493);
#326=LINE('',#4454,#494);
#327=LINE('',#4456,#495);
#328=VECTOR('',#3138,1000.);
#329=VECTOR('',#3141,1000.);
#330=VECTOR('',#3144,1000.);
#331=VECTOR('',#3147,1000.);
#332=VECTOR('',#3150,1000.);
#333=VECTOR('',#3153,1000.);
#334=VECTOR('',#3156,1000.);
#335=VECTOR('',#3159,1000.);
#336=VECTOR('',#3162,1000.);
#337=VECTOR('',#3165,1000.);
#338=VECTOR('',#3168,1000.);
#339=VECTOR('',#3171,1000.);
#340=VECTOR('',#3172,1000.);
#341=VECTOR('',#3175,1000.);
#342=VECTOR('',#3178,1000.);
#343=VECTOR('',#3181,1000.);
#344=VECTOR('',#3184,1000.);
#345=VECTOR('',#3187,1000.);
#346=VECTOR('',#3190,1000.);
#347=VECTOR('',#3193,1000.);
#348=VECTOR('',#3196,1000.);
#349=VECTOR('',#3199,1000.);
#350=VECTOR('',#3202,1000.);
#351=VECTOR('',#3205,1000.);
#352=VECTOR('',#3210,1000.);
#353=VECTOR('',#3213,1000.);
#354=VECTOR('',#3216,1000.);
#355=VECTOR('',#3217,1000.);
#356=VECTOR('',#3220,1000.);
#357=VECTOR('',#3221,1000.);
#358=VECTOR('',#3224,1000.);
#359=VECTOR('',#3225,1000.);
#360=VECTOR('',#3228,1000.);
#361=VECTOR('',#3235,1000.);
#362=VECTOR('',#3238,1000.);
#363=VECTOR('',#3241,1000.);
#364=VECTOR('',#3242,1000.);
#365=VECTOR('',#3245,1000.);
#366=VECTOR('',#3246,1000.);
#367=VECTOR('',#3249,1000.);
#368=VECTOR('',#3252,1000.);
#369=VECTOR('',#3259,1000.);
#370=VECTOR('',#3262,1000.);
#371=VECTOR('',#3265,1000.);
#372=VECTOR('',#3266,1000.);
#373=VECTOR('',#3269,1000.);
#374=VECTOR('',#3270,1000.);
#375=VECTOR('',#3273,1000.);
#376=VECTOR('',#3276,1000.);
#377=VECTOR('',#3283,1000.);
#378=VECTOR('',#3286,1000.);
#379=VECTOR('',#3289,1000.);
#380=VECTOR('',#3290,1000.);
#381=VECTOR('',#3293,1000.);
#382=VECTOR('',#3294,1000.);
#383=VECTOR('',#3297,1000.);
#384=VECTOR('',#3300,1000.);
#385=VECTOR('',#3307,1000.);
#386=VECTOR('',#3310,1000.);
#387=VECTOR('',#3313,1000.);
#388=VECTOR('',#3314,1000.);
#389=VECTOR('',#3317,1000.);
#390=VECTOR('',#3318,1000.);
#391=VECTOR('',#3321,1000.);
#392=VECTOR('',#3324,1000.);
#393=VECTOR('',#3333,1000.);
#394=VECTOR('',#3346,1000.);
#395=VECTOR('',#3353,1000.);
#396=VECTOR('',#3356,1000.);
#397=VECTOR('',#3357,1000.);
#398=VECTOR('',#3360,1000.);
#399=VECTOR('',#3361,1000.);
#400=VECTOR('',#3364,1000.);
#401=VECTOR('',#3365,1000.);
#402=VECTOR('',#3368,1000.);
#403=VECTOR('',#3369,1000.);
#404=VECTOR('',#3372,1000.);
#405=VECTOR('',#3373,1000.);
#406=VECTOR('',#3376,1000.);
#407=VECTOR('',#3381,1000.);
#408=VECTOR('',#3382,1000.);
#409=VECTOR('',#3383,1000.);
#410=VECTOR('',#3384,1000.);
#411=VECTOR('',#3385,1000.);
#412=VECTOR('',#3386,1000.);
#413=VECTOR('',#3387,1000.);
#414=VECTOR('',#3388,1000.);
#415=VECTOR('',#3389,1000.);
#416=VECTOR('',#3392,1000.);
#417=VECTOR('',#3393,1000.);
#418=VECTOR('',#3394,1000.);
#419=VECTOR('',#3397,1000.);
#420=VECTOR('',#3398,1000.);
#421=VECTOR('',#3399,1000.);
#422=VECTOR('',#3400,1000.);
#423=VECTOR('',#3401,1000.);
#424=VECTOR('',#3402,1000.);
#425=VECTOR('',#3403,1000.);
#426=VECTOR('',#3404,1000.);
#427=VECTOR('',#3405,1000.);
#428=VECTOR('',#3406,1000.);
#429=VECTOR('',#3409,1000.);
#430=VECTOR('',#3412,1000.);
#431=VECTOR('',#3413,1000.);
#432=VECTOR('',#3416,1000.);
#433=VECTOR('',#3419,1000.);
#434=VECTOR('',#3422,1000.);
#435=VECTOR('',#3423,1000.);
#436=VECTOR('',#3426,1000.);
#437=VECTOR('',#3431,1000.);
#438=VECTOR('',#3432,1000.);
#439=VECTOR('',#3435,1000.);
#440=VECTOR('',#3438,1000.);
#441=VECTOR('',#3443,1000.);
#442=VECTOR('',#3444,1000.);
#443=VECTOR('',#3447,1000.);
#444=VECTOR('',#3450,1000.);
#445=VECTOR('',#3453,1000.);
#446=VECTOR('',#3456,1000.);
#447=VECTOR('',#3457,1000.);
#448=VECTOR('',#3460,1000.);
#449=VECTOR('',#3461,1000.);
#450=VECTOR('',#3464,1000.);
#451=VECTOR('',#3467,1000.);
#452=VECTOR('',#3474,1000.);
#453=VECTOR('',#3477,1000.);
#454=VECTOR('',#3478,1000.);
#455=VECTOR('',#3481,1000.);
#456=VECTOR('',#3484,1000.);
#457=VECTOR('',#3487,1000.);
#458=VECTOR('',#3490,1000.);
#459=VECTOR('',#3495,1000.);
#460=VECTOR('',#3498,1000.);
#461=VECTOR('',#3501,1000.);
#462=VECTOR('',#3504,1000.);
#463=VECTOR('',#3511,1000.);
#464=VECTOR('',#3514,1000.);
#465=VECTOR('',#3519,1000.);
#466=VECTOR('',#3522,1000.);
#467=VECTOR('',#3541,1000.);
#468=VECTOR('',#3552,1000.);
#469=VECTOR('',#3555,1000.);
#470=VECTOR('',#3558,1000.);
#471=VECTOR('',#3559,1000.);
#472=VECTOR('',#3566,1000.);
#473=VECTOR('',#3569,1000.);
#474=VECTOR('',#3572,1000.);
#475=VECTOR('',#3577,1000.);
#476=VECTOR('',#3582,1000.);
#477=VECTOR('',#3585,1000.);
#478=VECTOR('',#3588,1000.);
#479=VECTOR('',#3591,1000.);
#480=VECTOR('',#3598,1000.);
#481=VECTOR('',#3601,1000.);
#482=VECTOR('',#3604,1000.);
#483=VECTOR('',#3607,1000.);
#484=VECTOR('',#3614,1000.);
#485=VECTOR('',#3617,1000.);
#486=VECTOR('',#3620,1000.);
#487=VECTOR('',#3623,1000.);
#488=VECTOR('',#3630,1000.);
#489=VECTOR('',#3633,1000.);
#490=VECTOR('',#3636,1000.);
#491=VECTOR('',#3639,1000.);
#492=VECTOR('',#3646,1000.);
#493=VECTOR('',#3649,1000.);
#494=VECTOR('',#3652,1000.);
#495=VECTOR('',#3655,1000.);
#496=ORIENTED_EDGE('',*,*,#1106,.F.);
#497=ORIENTED_EDGE('',*,*,#1107,.F.);
#498=ORIENTED_EDGE('',*,*,#1108,.T.);
#499=ORIENTED_EDGE('',*,*,#1109,.T.);
#500=ORIENTED_EDGE('',*,*,#1110,.T.);
#501=ORIENTED_EDGE('',*,*,#1111,.T.);
#502=ORIENTED_EDGE('',*,*,#1112,.F.);
#503=ORIENTED_EDGE('',*,*,#1113,.F.);
#504=ORIENTED_EDGE('',*,*,#1114,.T.);
#505=ORIENTED_EDGE('',*,*,#1115,.T.);
#506=ORIENTED_EDGE('',*,*,#1116,.T.);
#507=ORIENTED_EDGE('',*,*,#1117,.T.);
#508=ORIENTED_EDGE('',*,*,#1118,.F.);
#509=ORIENTED_EDGE('',*,*,#1119,.F.);
#510=ORIENTED_EDGE('',*,*,#1120,.T.);
#511=ORIENTED_EDGE('',*,*,#1121,.T.);
#512=ORIENTED_EDGE('',*,*,#1122,.T.);
#513=ORIENTED_EDGE('',*,*,#1123,.T.);
#514=ORIENTED_EDGE('',*,*,#1124,.F.);
#515=ORIENTED_EDGE('',*,*,#1125,.F.);
#516=ORIENTED_EDGE('',*,*,#1126,.T.);
#517=ORIENTED_EDGE('',*,*,#1127,.T.);
#518=ORIENTED_EDGE('',*,*,#1128,.T.);
#519=ORIENTED_EDGE('',*,*,#1129,.T.);
#520=ORIENTED_EDGE('',*,*,#1130,.F.);
#521=ORIENTED_EDGE('',*,*,#1131,.F.);
#522=ORIENTED_EDGE('',*,*,#1132,.T.);
#523=ORIENTED_EDGE('',*,*,#1133,.T.);
#524=ORIENTED_EDGE('',*,*,#1134,.T.);
#525=ORIENTED_EDGE('',*,*,#1135,.T.);
#526=ORIENTED_EDGE('',*,*,#1136,.F.);
#527=ORIENTED_EDGE('',*,*,#1137,.F.);
#528=ORIENTED_EDGE('',*,*,#1138,.T.);
#529=ORIENTED_EDGE('',*,*,#1139,.T.);
#530=ORIENTED_EDGE('',*,*,#1140,.T.);
#531=ORIENTED_EDGE('',*,*,#1141,.T.);
#532=ORIENTED_EDGE('',*,*,#1142,.F.);
#533=ORIENTED_EDGE('',*,*,#1143,.T.);
#534=ORIENTED_EDGE('',*,*,#1144,.T.);
#535=ORIENTED_EDGE('',*,*,#1145,.T.);
#536=ORIENTED_EDGE('',*,*,#1146,.F.);
#537=ORIENTED_EDGE('',*,*,#1147,.T.);
#538=ORIENTED_EDGE('',*,*,#1148,.T.);
#539=ORIENTED_EDGE('',*,*,#1149,.T.);
#540=ORIENTED_EDGE('',*,*,#1150,.F.);
#541=ORIENTED_EDGE('',*,*,#1151,.T.);
#542=ORIENTED_EDGE('',*,*,#1152,.T.);
#543=ORIENTED_EDGE('',*,*,#1153,.T.);
#544=ORIENTED_EDGE('',*,*,#1154,.F.);
#545=ORIENTED_EDGE('',*,*,#1155,.T.);
#546=ORIENTED_EDGE('',*,*,#1156,.T.);
#547=ORIENTED_EDGE('',*,*,#1157,.T.);
#548=ORIENTED_EDGE('',*,*,#1158,.F.);
#549=ORIENTED_EDGE('',*,*,#1159,.F.);
#550=ORIENTED_EDGE('',*,*,#1160,.T.);
#551=ORIENTED_EDGE('',*,*,#1161,.T.);
#552=ORIENTED_EDGE('',*,*,#1162,.F.);
#553=ORIENTED_EDGE('',*,*,#1163,.F.);
#554=ORIENTED_EDGE('',*,*,#1164,.T.);
#555=ORIENTED_EDGE('',*,*,#1165,.T.);
#556=ORIENTED_EDGE('',*,*,#1166,.T.);
#557=ORIENTED_EDGE('',*,*,#1167,.T.);
#558=ORIENTED_EDGE('',*,*,#1168,.T.);
#559=ORIENTED_EDGE('',*,*,#1136,.T.);
#560=ORIENTED_EDGE('',*,*,#1140,.F.);
#561=ORIENTED_EDGE('',*,*,#1169,.F.);
#562=ORIENTED_EDGE('',*,*,#1170,.F.);
#563=ORIENTED_EDGE('',*,*,#1171,.F.);
#564=ORIENTED_EDGE('',*,*,#1172,.F.);
#565=ORIENTED_EDGE('',*,*,#1173,.F.);
#566=ORIENTED_EDGE('',*,*,#1138,.F.);
#567=ORIENTED_EDGE('',*,*,#1174,.F.);
#568=ORIENTED_EDGE('',*,*,#1175,.T.);
#569=ORIENTED_EDGE('',*,*,#1176,.T.);
#570=ORIENTED_EDGE('',*,*,#1177,.F.);
#571=ORIENTED_EDGE('',*,*,#1141,.F.);
#572=ORIENTED_EDGE('',*,*,#1171,.T.);
#573=ORIENTED_EDGE('',*,*,#1168,.F.);
#574=ORIENTED_EDGE('',*,*,#1178,.T.);
#575=ORIENTED_EDGE('',*,*,#1179,.F.);
#576=ORIENTED_EDGE('',*,*,#1174,.T.);
#577=ORIENTED_EDGE('',*,*,#1137,.T.);
#578=ORIENTED_EDGE('',*,*,#1139,.F.);
#579=ORIENTED_EDGE('',*,*,#1173,.T.);
#580=ORIENTED_EDGE('',*,*,#1180,.F.);
#581=ORIENTED_EDGE('',*,*,#1169,.T.);
#582=ORIENTED_EDGE('',*,*,#1181,.T.);
#583=ORIENTED_EDGE('',*,*,#1182,.T.);
#584=ORIENTED_EDGE('',*,*,#1183,.T.);
#585=ORIENTED_EDGE('',*,*,#1130,.T.);
#586=ORIENTED_EDGE('',*,*,#1134,.F.);
#587=ORIENTED_EDGE('',*,*,#1184,.F.);
#588=ORIENTED_EDGE('',*,*,#1185,.F.);
#589=ORIENTED_EDGE('',*,*,#1186,.F.);
#590=ORIENTED_EDGE('',*,*,#1187,.F.);
#591=ORIENTED_EDGE('',*,*,#1188,.F.);
#592=ORIENTED_EDGE('',*,*,#1132,.F.);
#593=ORIENTED_EDGE('',*,*,#1189,.F.);
#594=ORIENTED_EDGE('',*,*,#1190,.T.);
#595=ORIENTED_EDGE('',*,*,#1191,.T.);
#596=ORIENTED_EDGE('',*,*,#1166,.F.);
#597=ORIENTED_EDGE('',*,*,#1135,.F.);
#598=ORIENTED_EDGE('',*,*,#1186,.T.);
#599=ORIENTED_EDGE('',*,*,#1183,.F.);
#600=ORIENTED_EDGE('',*,*,#1192,.T.);
#601=ORIENTED_EDGE('',*,*,#1193,.F.);
#602=ORIENTED_EDGE('',*,*,#1189,.T.);
#603=ORIENTED_EDGE('',*,*,#1131,.T.);
#604=ORIENTED_EDGE('',*,*,#1133,.F.);
#605=ORIENTED_EDGE('',*,*,#1188,.T.);
#606=ORIENTED_EDGE('',*,*,#1194,.F.);
#607=ORIENTED_EDGE('',*,*,#1184,.T.);
#608=ORIENTED_EDGE('',*,*,#1195,.T.);
#609=ORIENTED_EDGE('',*,*,#1196,.T.);
#610=ORIENTED_EDGE('',*,*,#1197,.T.);
#611=ORIENTED_EDGE('',*,*,#1124,.T.);
#612=ORIENTED_EDGE('',*,*,#1128,.F.);
#613=ORIENTED_EDGE('',*,*,#1198,.F.);
#614=ORIENTED_EDGE('',*,*,#1199,.F.);
#615=ORIENTED_EDGE('',*,*,#1200,.F.);
#616=ORIENTED_EDGE('',*,*,#1201,.F.);
#617=ORIENTED_EDGE('',*,*,#1202,.F.);
#618=ORIENTED_EDGE('',*,*,#1126,.F.);
#619=ORIENTED_EDGE('',*,*,#1203,.F.);
#620=ORIENTED_EDGE('',*,*,#1204,.T.);
#621=ORIENTED_EDGE('',*,*,#1205,.T.);
#622=ORIENTED_EDGE('',*,*,#1181,.F.);
#623=ORIENTED_EDGE('',*,*,#1129,.F.);
#624=ORIENTED_EDGE('',*,*,#1200,.T.);
#625=ORIENTED_EDGE('',*,*,#1197,.F.);
#626=ORIENTED_EDGE('',*,*,#1206,.T.);
#627=ORIENTED_EDGE('',*,*,#1207,.F.);
#628=ORIENTED_EDGE('',*,*,#1203,.T.);
#629=ORIENTED_EDGE('',*,*,#1125,.T.);
#630=ORIENTED_EDGE('',*,*,#1127,.F.);
#631=ORIENTED_EDGE('',*,*,#1202,.T.);
#632=ORIENTED_EDGE('',*,*,#1208,.F.);
#633=ORIENTED_EDGE('',*,*,#1198,.T.);
#634=ORIENTED_EDGE('',*,*,#1209,.T.);
#635=ORIENTED_EDGE('',*,*,#1210,.T.);
#636=ORIENTED_EDGE('',*,*,#1211,.T.);
#637=ORIENTED_EDGE('',*,*,#1118,.T.);
#638=ORIENTED_EDGE('',*,*,#1122,.F.);
#639=ORIENTED_EDGE('',*,*,#1212,.F.);
#640=ORIENTED_EDGE('',*,*,#1213,.F.);
#641=ORIENTED_EDGE('',*,*,#1214,.F.);
#642=ORIENTED_EDGE('',*,*,#1215,.F.);
#643=ORIENTED_EDGE('',*,*,#1216,.F.);
#644=ORIENTED_EDGE('',*,*,#1120,.F.);
#645=ORIENTED_EDGE('',*,*,#1217,.F.);
#646=ORIENTED_EDGE('',*,*,#1218,.T.);
#647=ORIENTED_EDGE('',*,*,#1219,.T.);
#648=ORIENTED_EDGE('',*,*,#1195,.F.);
#649=ORIENTED_EDGE('',*,*,#1123,.F.);
#650=ORIENTED_EDGE('',*,*,#1214,.T.);
#651=ORIENTED_EDGE('',*,*,#1211,.F.);
#652=ORIENTED_EDGE('',*,*,#1220,.T.);
#653=ORIENTED_EDGE('',*,*,#1221,.F.);
#654=ORIENTED_EDGE('',*,*,#1217,.T.);
#655=ORIENTED_EDGE('',*,*,#1119,.T.);
#656=ORIENTED_EDGE('',*,*,#1121,.F.);
#657=ORIENTED_EDGE('',*,*,#1216,.T.);
#658=ORIENTED_EDGE('',*,*,#1222,.F.);
#659=ORIENTED_EDGE('',*,*,#1212,.T.);
#660=ORIENTED_EDGE('',*,*,#1223,.T.);
#661=ORIENTED_EDGE('',*,*,#1224,.T.);
#662=ORIENTED_EDGE('',*,*,#1225,.T.);
#663=ORIENTED_EDGE('',*,*,#1112,.T.);
#664=ORIENTED_EDGE('',*,*,#1116,.F.);
#665=ORIENTED_EDGE('',*,*,#1226,.F.);
#666=ORIENTED_EDGE('',*,*,#1227,.F.);
#667=ORIENTED_EDGE('',*,*,#1228,.F.);
#668=ORIENTED_EDGE('',*,*,#1229,.F.);
#669=ORIENTED_EDGE('',*,*,#1230,.F.);
#670=ORIENTED_EDGE('',*,*,#1114,.F.);
#671=ORIENTED_EDGE('',*,*,#1231,.F.);
#672=ORIENTED_EDGE('',*,*,#1232,.T.);
#673=ORIENTED_EDGE('',*,*,#1233,.T.);
#674=ORIENTED_EDGE('',*,*,#1209,.F.);
#675=ORIENTED_EDGE('',*,*,#1117,.F.);
#676=ORIENTED_EDGE('',*,*,#1228,.T.);
#677=ORIENTED_EDGE('',*,*,#1225,.F.);
#678=ORIENTED_EDGE('',*,*,#1234,.T.);
#679=ORIENTED_EDGE('',*,*,#1235,.F.);
#680=ORIENTED_EDGE('',*,*,#1231,.T.);
#681=ORIENTED_EDGE('',*,*,#1113,.T.);
#682=ORIENTED_EDGE('',*,*,#1115,.F.);
#683=ORIENTED_EDGE('',*,*,#1230,.T.);
#684=ORIENTED_EDGE('',*,*,#1236,.F.);
#685=ORIENTED_EDGE('',*,*,#1226,.T.);
#686=ORIENTED_EDGE('',*,*,#1237,.T.);
#687=ORIENTED_EDGE('',*,*,#1238,.T.);
#688=ORIENTED_EDGE('',*,*,#1239,.T.);
#689=ORIENTED_EDGE('',*,*,#1175,.F.);
#690=ORIENTED_EDGE('',*,*,#1170,.T.);
#691=ORIENTED_EDGE('',*,*,#1180,.T.);
#692=ORIENTED_EDGE('',*,*,#1172,.T.);
#693=ORIENTED_EDGE('',*,*,#1179,.T.);
#694=ORIENTED_EDGE('',*,*,#1240,.T.);
#695=ORIENTED_EDGE('',*,*,#1190,.F.);
#696=ORIENTED_EDGE('',*,*,#1185,.T.);
#697=ORIENTED_EDGE('',*,*,#1194,.T.);
#698=ORIENTED_EDGE('',*,*,#1187,.T.);
#699=ORIENTED_EDGE('',*,*,#1193,.T.);
#700=ORIENTED_EDGE('',*,*,#1241,.T.);
#701=ORIENTED_EDGE('',*,*,#1204,.F.);
#702=ORIENTED_EDGE('',*,*,#1199,.T.);
#703=ORIENTED_EDGE('',*,*,#1208,.T.);
#704=ORIENTED_EDGE('',*,*,#1201,.T.);
#705=ORIENTED_EDGE('',*,*,#1207,.T.);
#706=ORIENTED_EDGE('',*,*,#1242,.T.);
#707=ORIENTED_EDGE('',*,*,#1218,.F.);
#708=ORIENTED_EDGE('',*,*,#1213,.T.);
#709=ORIENTED_EDGE('',*,*,#1222,.T.);
#710=ORIENTED_EDGE('',*,*,#1215,.T.);
#711=ORIENTED_EDGE('',*,*,#1221,.T.);
#712=ORIENTED_EDGE('',*,*,#1243,.T.);
#713=ORIENTED_EDGE('',*,*,#1232,.F.);
#714=ORIENTED_EDGE('',*,*,#1227,.T.);
#715=ORIENTED_EDGE('',*,*,#1236,.T.);
#716=ORIENTED_EDGE('',*,*,#1229,.T.);
#717=ORIENTED_EDGE('',*,*,#1235,.T.);
#718=ORIENTED_EDGE('',*,*,#1244,.T.);
#719=ORIENTED_EDGE('',*,*,#1245,.F.);
#720=ORIENTED_EDGE('',*,*,#1246,.T.);
#721=ORIENTED_EDGE('',*,*,#1247,.T.);
#722=ORIENTED_EDGE('',*,*,#1248,.T.);
#723=ORIENTED_EDGE('',*,*,#1249,.T.);
#724=ORIENTED_EDGE('',*,*,#1250,.T.);
#725=ORIENTED_EDGE('',*,*,#1251,.T.);
#726=ORIENTED_EDGE('',*,*,#1252,.T.);
#727=ORIENTED_EDGE('',*,*,#1165,.F.);
#728=ORIENTED_EDGE('',*,*,#1253,.F.);
#729=ORIENTED_EDGE('',*,*,#1254,.T.);
#730=ORIENTED_EDGE('',*,*,#1255,.F.);
#731=ORIENTED_EDGE('',*,*,#1161,.F.);
#732=ORIENTED_EDGE('',*,*,#1256,.F.);
#733=ORIENTED_EDGE('',*,*,#1257,.T.);
#734=ORIENTED_EDGE('',*,*,#1258,.F.);
#735=ORIENTED_EDGE('',*,*,#1157,.F.);
#736=ORIENTED_EDGE('',*,*,#1259,.T.);
#737=ORIENTED_EDGE('',*,*,#1260,.T.);
#738=ORIENTED_EDGE('',*,*,#1261,.T.);
#739=ORIENTED_EDGE('',*,*,#1153,.F.);
#740=ORIENTED_EDGE('',*,*,#1262,.T.);
#741=ORIENTED_EDGE('',*,*,#1263,.T.);
#742=ORIENTED_EDGE('',*,*,#1264,.T.);
#743=ORIENTED_EDGE('',*,*,#1149,.F.);
#744=ORIENTED_EDGE('',*,*,#1265,.T.);
#745=ORIENTED_EDGE('',*,*,#1266,.T.);
#746=ORIENTED_EDGE('',*,*,#1267,.T.);
#747=ORIENTED_EDGE('',*,*,#1145,.F.);
#748=ORIENTED_EDGE('',*,*,#1268,.T.);
#749=ORIENTED_EDGE('',*,*,#1269,.T.);
#750=ORIENTED_EDGE('',*,*,#1270,.F.);
#751=ORIENTED_EDGE('',*,*,#1271,.T.);
#752=ORIENTED_EDGE('',*,*,#1272,.T.);
#753=ORIENTED_EDGE('',*,*,#1273,.T.);
#754=ORIENTED_EDGE('',*,*,#1274,.F.);
#755=ORIENTED_EDGE('',*,*,#1275,.F.);
#756=ORIENTED_EDGE('',*,*,#1276,.F.);
#757=ORIENTED_EDGE('',*,*,#1277,.F.);
#758=ORIENTED_EDGE('',*,*,#1278,.T.);
#759=ORIENTED_EDGE('',*,*,#1279,.T.);
#760=ORIENTED_EDGE('',*,*,#1280,.T.);
#761=ORIENTED_EDGE('',*,*,#1281,.T.);
#762=ORIENTED_EDGE('',*,*,#1282,.F.);
#763=ORIENTED_EDGE('',*,*,#1283,.F.);
#764=ORIENTED_EDGE('',*,*,#1284,.F.);
#765=ORIENTED_EDGE('',*,*,#1285,.F.);
#766=ORIENTED_EDGE('',*,*,#1286,.F.);
#767=ORIENTED_EDGE('',*,*,#1287,.T.);
#768=ORIENTED_EDGE('',*,*,#1288,.F.);
#769=ORIENTED_EDGE('',*,*,#1289,.F.);
#770=ORIENTED_EDGE('',*,*,#1290,.F.);
#771=ORIENTED_EDGE('',*,*,#1291,.F.);
#772=ORIENTED_EDGE('',*,*,#1292,.F.);
#773=ORIENTED_EDGE('',*,*,#1293,.T.);
#774=ORIENTED_EDGE('',*,*,#1294,.F.);
#775=ORIENTED_EDGE('',*,*,#1295,.T.);
#776=ORIENTED_EDGE('',*,*,#1296,.T.);
#777=ORIENTED_EDGE('',*,*,#1274,.T.);
#778=ORIENTED_EDGE('',*,*,#1297,.F.);
#779=ORIENTED_EDGE('',*,*,#1298,.T.);
#780=ORIENTED_EDGE('',*,*,#1299,.T.);
#781=ORIENTED_EDGE('',*,*,#1270,.T.);
#782=ORIENTED_EDGE('',*,*,#1300,.F.);
#783=ORIENTED_EDGE('',*,*,#1301,.T.);
#784=ORIENTED_EDGE('',*,*,#1302,.T.);
#785=ORIENTED_EDGE('',*,*,#1288,.T.);
#786=ORIENTED_EDGE('',*,*,#1303,.F.);
#787=ORIENTED_EDGE('',*,*,#1304,.T.);
#788=ORIENTED_EDGE('',*,*,#1305,.T.);
#789=ORIENTED_EDGE('',*,*,#1292,.T.);
#790=ORIENTED_EDGE('',*,*,#1306,.T.);
#791=ORIENTED_EDGE('',*,*,#1307,.T.);
#792=ORIENTED_EDGE('',*,*,#1276,.T.);
#793=ORIENTED_EDGE('',*,*,#1308,.F.);
#794=ORIENTED_EDGE('',*,*,#1296,.F.);
#795=ORIENTED_EDGE('',*,*,#1309,.T.);
#796=ORIENTED_EDGE('',*,*,#1308,.T.);
#797=ORIENTED_EDGE('',*,*,#1275,.T.);
#798=ORIENTED_EDGE('',*,*,#1307,.F.);
#799=ORIENTED_EDGE('',*,*,#1310,.T.);
#800=ORIENTED_EDGE('',*,*,#1294,.T.);
#801=ORIENTED_EDGE('',*,*,#1277,.T.);
#802=ORIENTED_EDGE('',*,*,#1311,.T.);
#803=ORIENTED_EDGE('',*,*,#1312,.T.);
#804=ORIENTED_EDGE('',*,*,#1290,.T.);
#805=ORIENTED_EDGE('',*,*,#1313,.F.);
#806=ORIENTED_EDGE('',*,*,#1302,.F.);
#807=ORIENTED_EDGE('',*,*,#1314,.T.);
#808=ORIENTED_EDGE('',*,*,#1313,.T.);
#809=ORIENTED_EDGE('',*,*,#1289,.T.);
#810=ORIENTED_EDGE('',*,*,#1312,.F.);
#811=ORIENTED_EDGE('',*,*,#1315,.T.);
#812=ORIENTED_EDGE('',*,*,#1300,.T.);
#813=ORIENTED_EDGE('',*,*,#1291,.T.);
#814=ORIENTED_EDGE('',*,*,#1316,.T.);
#815=ORIENTED_EDGE('',*,*,#1317,.T.);
#816=ORIENTED_EDGE('',*,*,#1318,.T.);
#817=ORIENTED_EDGE('',*,*,#1319,.T.);
#818=ORIENTED_EDGE('',*,*,#1318,.F.);
#819=ORIENTED_EDGE('',*,*,#1320,.T.);
#820=ORIENTED_EDGE('',*,*,#1321,.T.);
#821=ORIENTED_EDGE('',*,*,#1282,.T.);
#822=ORIENTED_EDGE('',*,*,#1322,.F.);
#823=ORIENTED_EDGE('',*,*,#1285,.T.);
#824=ORIENTED_EDGE('',*,*,#1323,.F.);
#825=ORIENTED_EDGE('',*,*,#1319,.F.);
#826=ORIENTED_EDGE('',*,*,#1322,.T.);
#827=ORIENTED_EDGE('',*,*,#1324,.F.);
#828=ORIENTED_EDGE('',*,*,#1325,.T.);
#829=ORIENTED_EDGE('',*,*,#1316,.F.);
#830=ORIENTED_EDGE('',*,*,#1323,.T.);
#831=ORIENTED_EDGE('',*,*,#1284,.T.);
#832=ORIENTED_EDGE('',*,*,#1321,.F.);
#833=ORIENTED_EDGE('',*,*,#1326,.T.);
#834=ORIENTED_EDGE('',*,*,#1324,.T.);
#835=ORIENTED_EDGE('',*,*,#1283,.T.);
#836=ORIENTED_EDGE('',*,*,#1327,.F.);
#837=ORIENTED_EDGE('',*,*,#1328,.T.);
#838=ORIENTED_EDGE('',*,*,#1329,.F.);
#839=ORIENTED_EDGE('',*,*,#1330,.F.);
#840=ORIENTED_EDGE('',*,*,#1331,.F.);
#841=ORIENTED_EDGE('',*,*,#1332,.T.);
#842=ORIENTED_EDGE('',*,*,#1333,.T.);
#843=ORIENTED_EDGE('',*,*,#1279,.F.);
#844=ORIENTED_EDGE('',*,*,#1333,.F.);
#845=ORIENTED_EDGE('',*,*,#1334,.T.);
#846=ORIENTED_EDGE('',*,*,#1327,.T.);
#847=ORIENTED_EDGE('',*,*,#1335,.T.);
#848=ORIENTED_EDGE('',*,*,#1280,.F.);
#849=ORIENTED_EDGE('',*,*,#1281,.F.);
#850=ORIENTED_EDGE('',*,*,#1335,.F.);
#851=ORIENTED_EDGE('',*,*,#1330,.T.);
#852=ORIENTED_EDGE('',*,*,#1336,.T.);
#853=ORIENTED_EDGE('',*,*,#1329,.T.);
#854=ORIENTED_EDGE('',*,*,#1337,.T.);
#855=ORIENTED_EDGE('',*,*,#1331,.T.);
#856=ORIENTED_EDGE('',*,*,#1278,.F.);
#857=ORIENTED_EDGE('',*,*,#1336,.F.);
#858=ORIENTED_EDGE('',*,*,#1286,.T.);
#859=ORIENTED_EDGE('',*,*,#1338,.T.);
#860=ORIENTED_EDGE('',*,*,#1339,.T.);
#861=ORIENTED_EDGE('',*,*,#1340,.T.);
#862=ORIENTED_EDGE('',*,*,#1272,.F.);
#863=ORIENTED_EDGE('',*,*,#1341,.T.);
#864=ORIENTED_EDGE('',*,*,#1342,.T.);
#865=ORIENTED_EDGE('',*,*,#1343,.T.);
#866=ORIENTED_EDGE('',*,*,#1311,.F.);
#867=ORIENTED_EDGE('',*,*,#1314,.F.);
#868=ORIENTED_EDGE('',*,*,#1301,.F.);
#869=ORIENTED_EDGE('',*,*,#1315,.F.);
#870=ORIENTED_EDGE('',*,*,#1306,.F.);
#871=ORIENTED_EDGE('',*,*,#1309,.F.);
#872=ORIENTED_EDGE('',*,*,#1295,.F.);
#873=ORIENTED_EDGE('',*,*,#1310,.F.);
#874=ORIENTED_EDGE('',*,*,#1273,.F.);
#875=ORIENTED_EDGE('',*,*,#1343,.F.);
#876=ORIENTED_EDGE('',*,*,#1344,.F.);
#877=ORIENTED_EDGE('',*,*,#1297,.T.);
#878=ORIENTED_EDGE('',*,*,#1344,.T.);
#879=ORIENTED_EDGE('',*,*,#1342,.F.);
#880=ORIENTED_EDGE('',*,*,#1345,.F.);
#881=ORIENTED_EDGE('',*,*,#1298,.F.);
#882=ORIENTED_EDGE('',*,*,#1345,.T.);
#883=ORIENTED_EDGE('',*,*,#1341,.F.);
#884=ORIENTED_EDGE('',*,*,#1271,.F.);
#885=ORIENTED_EDGE('',*,*,#1299,.F.);
#886=ORIENTED_EDGE('',*,*,#1287,.F.);
#887=ORIENTED_EDGE('',*,*,#1340,.F.);
#888=ORIENTED_EDGE('',*,*,#1346,.F.);
#889=ORIENTED_EDGE('',*,*,#1303,.T.);
#890=ORIENTED_EDGE('',*,*,#1346,.T.);
#891=ORIENTED_EDGE('',*,*,#1339,.F.);
#892=ORIENTED_EDGE('',*,*,#1347,.F.);
#893=ORIENTED_EDGE('',*,*,#1304,.F.);
#894=ORIENTED_EDGE('',*,*,#1347,.T.);
#895=ORIENTED_EDGE('',*,*,#1338,.F.);
#896=ORIENTED_EDGE('',*,*,#1293,.F.);
#897=ORIENTED_EDGE('',*,*,#1305,.F.);
#898=ORIENTED_EDGE('',*,*,#1348,.F.);
#899=ORIENTED_EDGE('',*,*,#1269,.F.);
#900=ORIENTED_EDGE('',*,*,#1348,.T.);
#901=ORIENTED_EDGE('',*,*,#1349,.F.);
#902=ORIENTED_EDGE('',*,*,#1268,.F.);
#903=ORIENTED_EDGE('',*,*,#1349,.T.);
#904=ORIENTED_EDGE('',*,*,#1177,.T.);
#905=ORIENTED_EDGE('',*,*,#1350,.T.);
#906=ORIENTED_EDGE('',*,*,#1351,.T.);
#907=ORIENTED_EDGE('',*,*,#1106,.T.);
#908=ORIENTED_EDGE('',*,*,#1352,.T.);
#909=ORIENTED_EDGE('',*,*,#1353,.T.);
#910=ORIENTED_EDGE('',*,*,#1237,.F.);
#911=ORIENTED_EDGE('',*,*,#1353,.F.);
#912=ORIENTED_EDGE('',*,*,#1245,.T.);
#913=ORIENTED_EDGE('',*,*,#1354,.T.);
#914=ORIENTED_EDGE('',*,*,#1223,.F.);
#915=ORIENTED_EDGE('',*,*,#1111,.F.);
#916=ORIENTED_EDGE('',*,*,#1355,.T.);
#917=ORIENTED_EDGE('',*,*,#1351,.F.);
#918=ORIENTED_EDGE('',*,*,#1356,.T.);
#919=ORIENTED_EDGE('',*,*,#1238,.F.);
#920=ORIENTED_EDGE('',*,*,#1357,.T.);
#921=ORIENTED_EDGE('',*,*,#1107,.T.);
#922=ORIENTED_EDGE('',*,*,#1109,.F.);
#923=ORIENTED_EDGE('',*,*,#1358,.T.);
#924=ORIENTED_EDGE('',*,*,#1247,.F.);
#925=ORIENTED_EDGE('',*,*,#1359,.T.);
#926=ORIENTED_EDGE('',*,*,#1110,.F.);
#927=ORIENTED_EDGE('',*,*,#1359,.F.);
#928=ORIENTED_EDGE('',*,*,#1246,.F.);
#929=ORIENTED_EDGE('',*,*,#1355,.F.);
#930=ORIENTED_EDGE('',*,*,#1248,.F.);
#931=ORIENTED_EDGE('',*,*,#1358,.F.);
#932=ORIENTED_EDGE('',*,*,#1108,.F.);
#933=ORIENTED_EDGE('',*,*,#1357,.F.);
#934=ORIENTED_EDGE('',*,*,#1360,.T.);
#935=ORIENTED_EDGE('',*,*,#1361,.T.);
#936=ORIENTED_EDGE('',*,*,#1362,.T.);
#937=ORIENTED_EDGE('',*,*,#1163,.T.);
#938=ORIENTED_EDGE('',*,*,#1255,.T.);
#939=ORIENTED_EDGE('',*,*,#1363,.T.);
#940=ORIENTED_EDGE('',*,*,#1364,.F.);
#941=ORIENTED_EDGE('',*,*,#1360,.F.);
#942=ORIENTED_EDGE('',*,*,#1162,.T.);
#943=ORIENTED_EDGE('',*,*,#1364,.T.);
#944=ORIENTED_EDGE('',*,*,#1365,.T.);
#945=ORIENTED_EDGE('',*,*,#1366,.F.);
#946=ORIENTED_EDGE('',*,*,#1361,.F.);
#947=ORIENTED_EDGE('',*,*,#1366,.T.);
#948=ORIENTED_EDGE('',*,*,#1367,.T.);
#949=ORIENTED_EDGE('',*,*,#1253,.T.);
#950=ORIENTED_EDGE('',*,*,#1164,.F.);
#951=ORIENTED_EDGE('',*,*,#1362,.F.);
#952=ORIENTED_EDGE('',*,*,#1368,.T.);
#953=ORIENTED_EDGE('',*,*,#1369,.T.);
#954=ORIENTED_EDGE('',*,*,#1370,.T.);
#955=ORIENTED_EDGE('',*,*,#1159,.T.);
#956=ORIENTED_EDGE('',*,*,#1371,.T.);
#957=ORIENTED_EDGE('',*,*,#1372,.T.);
#958=ORIENTED_EDGE('',*,*,#1373,.F.);
#959=ORIENTED_EDGE('',*,*,#1369,.F.);
#960=ORIENTED_EDGE('',*,*,#1373,.T.);
#961=ORIENTED_EDGE('',*,*,#1374,.T.);
#962=ORIENTED_EDGE('',*,*,#1256,.T.);
#963=ORIENTED_EDGE('',*,*,#1160,.F.);
#964=ORIENTED_EDGE('',*,*,#1370,.F.);
#965=ORIENTED_EDGE('',*,*,#1258,.T.);
#966=ORIENTED_EDGE('',*,*,#1375,.T.);
#967=ORIENTED_EDGE('',*,*,#1371,.F.);
#968=ORIENTED_EDGE('',*,*,#1368,.F.);
#969=ORIENTED_EDGE('',*,*,#1158,.T.);
#970=ORIENTED_EDGE('',*,*,#1376,.F.);
#971=ORIENTED_EDGE('',*,*,#1377,.F.);
#972=ORIENTED_EDGE('',*,*,#1378,.F.);
#973=ORIENTED_EDGE('',*,*,#1155,.F.);
#974=ORIENTED_EDGE('',*,*,#1261,.F.);
#975=ORIENTED_EDGE('',*,*,#1379,.T.);
#976=ORIENTED_EDGE('',*,*,#1380,.F.);
#977=ORIENTED_EDGE('',*,*,#1376,.T.);
#978=ORIENTED_EDGE('',*,*,#1154,.T.);
#979=ORIENTED_EDGE('',*,*,#1381,.T.);
#980=ORIENTED_EDGE('',*,*,#1382,.T.);
#981=ORIENTED_EDGE('',*,*,#1259,.F.);
#982=ORIENTED_EDGE('',*,*,#1156,.F.);
#983=ORIENTED_EDGE('',*,*,#1378,.T.);
#984=ORIENTED_EDGE('',*,*,#1380,.T.);
#985=ORIENTED_EDGE('',*,*,#1383,.T.);
#986=ORIENTED_EDGE('',*,*,#1381,.F.);
#987=ORIENTED_EDGE('',*,*,#1377,.T.);
#988=ORIENTED_EDGE('',*,*,#1384,.F.);
#989=ORIENTED_EDGE('',*,*,#1385,.F.);
#990=ORIENTED_EDGE('',*,*,#1386,.F.);
#991=ORIENTED_EDGE('',*,*,#1151,.F.);
#992=ORIENTED_EDGE('',*,*,#1264,.F.);
#993=ORIENTED_EDGE('',*,*,#1387,.T.);
#994=ORIENTED_EDGE('',*,*,#1388,.F.);
#995=ORIENTED_EDGE('',*,*,#1384,.T.);
#996=ORIENTED_EDGE('',*,*,#1150,.T.);
#997=ORIENTED_EDGE('',*,*,#1389,.T.);
#998=ORIENTED_EDGE('',*,*,#1390,.T.);
#999=ORIENTED_EDGE('',*,*,#1262,.F.);
#1000=ORIENTED_EDGE('',*,*,#1152,.F.);
#1001=ORIENTED_EDGE('',*,*,#1386,.T.);
#1002=ORIENTED_EDGE('',*,*,#1388,.T.);
#1003=ORIENTED_EDGE('',*,*,#1391,.T.);
#1004=ORIENTED_EDGE('',*,*,#1389,.F.);
#1005=ORIENTED_EDGE('',*,*,#1385,.T.);
#1006=ORIENTED_EDGE('',*,*,#1392,.F.);
#1007=ORIENTED_EDGE('',*,*,#1393,.F.);
#1008=ORIENTED_EDGE('',*,*,#1394,.F.);
#1009=ORIENTED_EDGE('',*,*,#1147,.F.);
#1010=ORIENTED_EDGE('',*,*,#1267,.F.);
#1011=ORIENTED_EDGE('',*,*,#1395,.T.);
#1012=ORIENTED_EDGE('',*,*,#1396,.F.);
#1013=ORIENTED_EDGE('',*,*,#1392,.T.);
#1014=ORIENTED_EDGE('',*,*,#1146,.T.);
#1015=ORIENTED_EDGE('',*,*,#1397,.T.);
#1016=ORIENTED_EDGE('',*,*,#1398,.T.);
#1017=ORIENTED_EDGE('',*,*,#1265,.F.);
#1018=ORIENTED_EDGE('',*,*,#1148,.F.);
#1019=ORIENTED_EDGE('',*,*,#1394,.T.);
#1020=ORIENTED_EDGE('',*,*,#1396,.T.);
#1021=ORIENTED_EDGE('',*,*,#1399,.T.);
#1022=ORIENTED_EDGE('',*,*,#1397,.F.);
#1023=ORIENTED_EDGE('',*,*,#1393,.T.);
#1024=ORIENTED_EDGE('',*,*,#1400,.F.);
#1025=ORIENTED_EDGE('',*,*,#1401,.F.);
#1026=ORIENTED_EDGE('',*,*,#1402,.F.);
#1027=ORIENTED_EDGE('',*,*,#1143,.F.);
#1028=ORIENTED_EDGE('',*,*,#1252,.F.);
#1029=ORIENTED_EDGE('',*,*,#1403,.T.);
#1030=ORIENTED_EDGE('',*,*,#1404,.F.);
#1031=ORIENTED_EDGE('',*,*,#1400,.T.);
#1032=ORIENTED_EDGE('',*,*,#1142,.T.);
#1033=ORIENTED_EDGE('',*,*,#1405,.T.);
#1034=ORIENTED_EDGE('',*,*,#1406,.T.);
#1035=ORIENTED_EDGE('',*,*,#1250,.F.);
#1036=ORIENTED_EDGE('',*,*,#1144,.F.);
#1037=ORIENTED_EDGE('',*,*,#1402,.T.);
#1038=ORIENTED_EDGE('',*,*,#1404,.T.);
#1039=ORIENTED_EDGE('',*,*,#1407,.T.);
#1040=ORIENTED_EDGE('',*,*,#1405,.F.);
#1041=ORIENTED_EDGE('',*,*,#1401,.T.);
#1042=ORIENTED_EDGE('',*,*,#1408,.T.);
#1043=ORIENTED_EDGE('',*,*,#1409,.T.);
#1044=ORIENTED_EDGE('',*,*,#1409,.F.);
#1045=ORIENTED_EDGE('',*,*,#1234,.F.);
#1046=ORIENTED_EDGE('',*,*,#1224,.F.);
#1047=ORIENTED_EDGE('',*,*,#1354,.F.);
#1048=ORIENTED_EDGE('',*,*,#1244,.F.);
#1049=ORIENTED_EDGE('',*,*,#1220,.F.);
#1050=ORIENTED_EDGE('',*,*,#1210,.F.);
#1051=ORIENTED_EDGE('',*,*,#1233,.F.);
#1052=ORIENTED_EDGE('',*,*,#1243,.F.);
#1053=ORIENTED_EDGE('',*,*,#1206,.F.);
#1054=ORIENTED_EDGE('',*,*,#1196,.F.);
#1055=ORIENTED_EDGE('',*,*,#1219,.F.);
#1056=ORIENTED_EDGE('',*,*,#1242,.F.);
#1057=ORIENTED_EDGE('',*,*,#1192,.F.);
#1058=ORIENTED_EDGE('',*,*,#1182,.F.);
#1059=ORIENTED_EDGE('',*,*,#1205,.F.);
#1060=ORIENTED_EDGE('',*,*,#1241,.F.);
#1061=ORIENTED_EDGE('',*,*,#1178,.F.);
#1062=ORIENTED_EDGE('',*,*,#1167,.F.);
#1063=ORIENTED_EDGE('',*,*,#1191,.F.);
#1064=ORIENTED_EDGE('',*,*,#1240,.F.);
#1065=ORIENTED_EDGE('',*,*,#1356,.F.);
#1066=ORIENTED_EDGE('',*,*,#1350,.F.);
#1067=ORIENTED_EDGE('',*,*,#1176,.F.);
#1068=ORIENTED_EDGE('',*,*,#1239,.F.);
#1069=ORIENTED_EDGE('',*,*,#1363,.F.);
#1070=ORIENTED_EDGE('',*,*,#1254,.F.);
#1071=ORIENTED_EDGE('',*,*,#1367,.F.);
#1072=ORIENTED_EDGE('',*,*,#1365,.F.);
#1073=ORIENTED_EDGE('',*,*,#1375,.F.);
#1074=ORIENTED_EDGE('',*,*,#1257,.F.);
#1075=ORIENTED_EDGE('',*,*,#1374,.F.);
#1076=ORIENTED_EDGE('',*,*,#1372,.F.);
#1077=ORIENTED_EDGE('',*,*,#1382,.F.);
#1078=ORIENTED_EDGE('',*,*,#1383,.F.);
#1079=ORIENTED_EDGE('',*,*,#1379,.F.);
#1080=ORIENTED_EDGE('',*,*,#1260,.F.);
#1081=ORIENTED_EDGE('',*,*,#1390,.F.);
#1082=ORIENTED_EDGE('',*,*,#1391,.F.);
#1083=ORIENTED_EDGE('',*,*,#1387,.F.);
#1084=ORIENTED_EDGE('',*,*,#1263,.F.);
#1085=ORIENTED_EDGE('',*,*,#1398,.F.);
#1086=ORIENTED_EDGE('',*,*,#1399,.F.);
#1087=ORIENTED_EDGE('',*,*,#1395,.F.);
#1088=ORIENTED_EDGE('',*,*,#1266,.F.);
#1089=ORIENTED_EDGE('',*,*,#1406,.F.);
#1090=ORIENTED_EDGE('',*,*,#1407,.F.);
#1091=ORIENTED_EDGE('',*,*,#1403,.F.);
#1092=ORIENTED_EDGE('',*,*,#1251,.F.);
#1093=ORIENTED_EDGE('',*,*,#1337,.F.);
#1094=ORIENTED_EDGE('',*,*,#1328,.F.);
#1095=ORIENTED_EDGE('',*,*,#1334,.F.);
#1096=ORIENTED_EDGE('',*,*,#1332,.F.);
#1097=ORIENTED_EDGE('',*,*,#1325,.F.);
#1098=ORIENTED_EDGE('',*,*,#1326,.F.);
#1099=ORIENTED_EDGE('',*,*,#1320,.F.);
#1100=ORIENTED_EDGE('',*,*,#1317,.F.);
#1101=ORIENTED_EDGE('',*,*,#1410,.T.);
#1102=ORIENTED_EDGE('',*,*,#1249,.F.);
#1103=ORIENTED_EDGE('',*,*,#1410,.F.);
#1104=ORIENTED_EDGE('',*,*,#1408,.F.);
#1105=ORIENTED_EDGE('',*,*,#1352,.F.);
#1106=EDGE_CURVE('',#1411,#1412,#1618,.T.);
#1107=EDGE_CURVE('',#1413,#1411,#160,.T.);
#1108=EDGE_CURVE('',#1413,#1414,#108,.T.);
#1109=EDGE_CURVE('',#1414,#1415,#1619,.T.);
#1110=EDGE_CURVE('',#1415,#1416,#109,.T.);
#1111=EDGE_CURVE('',#1416,#1417,#161,.T.);
#1112=EDGE_CURVE('',#1418,#1417,#1620,.T.);
#1113=EDGE_CURVE('',#1419,#1418,#162,.T.);
#1114=EDGE_CURVE('',#1419,#1420,#110,.T.);
#1115=EDGE_CURVE('',#1420,#1421,#1621,.T.);
#1116=EDGE_CURVE('',#1421,#1422,#111,.T.);
#1117=EDGE_CURVE('',#1422,#1423,#163,.T.);
#1118=EDGE_CURVE('',#1424,#1423,#1622,.T.);
#1119=EDGE_CURVE('',#1425,#1424,#164,.T.);
#1120=EDGE_CURVE('',#1425,#1426,#112,.T.);
#1121=EDGE_CURVE('',#1426,#1427,#1623,.T.);
#1122=EDGE_CURVE('',#1427,#1428,#113,.T.);
#1123=EDGE_CURVE('',#1428,#1429,#165,.T.);
#1124=EDGE_CURVE('',#1430,#1429,#1624,.T.);
#1125=EDGE_CURVE('',#1431,#1430,#166,.T.);
#1126=EDGE_CURVE('',#1431,#1432,#114,.T.);
#1127=EDGE_CURVE('',#1432,#1433,#1625,.T.);
#1128=EDGE_CURVE('',#1433,#1434,#115,.T.);
#1129=EDGE_CURVE('',#1434,#1435,#167,.T.);
#1130=EDGE_CURVE('',#1436,#1435,#1626,.T.);
#1131=EDGE_CURVE('',#1437,#1436,#168,.T.);
#1132=EDGE_CURVE('',#1437,#1438,#116,.T.);
#1133=EDGE_CURVE('',#1438,#1439,#1627,.T.);
#1134=EDGE_CURVE('',#1439,#1440,#117,.T.);
#1135=EDGE_CURVE('',#1440,#1441,#169,.T.);
#1136=EDGE_CURVE('',#1442,#1441,#1628,.T.);
#1137=EDGE_CURVE('',#1443,#1442,#170,.T.);
#1138=EDGE_CURVE('',#1443,#1444,#118,.T.);
#1139=EDGE_CURVE('',#1444,#1445,#1629,.T.);
#1140=EDGE_CURVE('',#1445,#1446,#119,.T.);
#1141=EDGE_CURVE('',#1446,#1412,#171,.T.);
#1142=EDGE_CURVE('',#1447,#1448,#172,.T.);
#1143=EDGE_CURVE('',#1447,#1449,#1630,.T.);
#1144=EDGE_CURVE('',#1449,#1450,#173,.T.);
#1145=EDGE_CURVE('',#1450,#1451,#1631,.T.);
#1146=EDGE_CURVE('',#1452,#1451,#174,.T.);
#1147=EDGE_CURVE('',#1452,#1453,#1632,.T.);
#1148=EDGE_CURVE('',#1453,#1454,#175,.T.);
#1149=EDGE_CURVE('',#1454,#1455,#1633,.T.);
#1150=EDGE_CURVE('',#1456,#1455,#176,.T.);
#1151=EDGE_CURVE('',#1456,#1457,#1634,.T.);
#1152=EDGE_CURVE('',#1457,#1458,#177,.T.);
#1153=EDGE_CURVE('',#1458,#1459,#1635,.T.);
#1154=EDGE_CURVE('',#1460,#1459,#178,.T.);
#1155=EDGE_CURVE('',#1460,#1461,#1636,.T.);
#1156=EDGE_CURVE('',#1461,#1462,#179,.T.);
#1157=EDGE_CURVE('',#1462,#1463,#1637,.T.);
#1158=EDGE_CURVE('',#1464,#1463,#180,.T.);
#1159=EDGE_CURVE('',#1465,#1464,#1638,.T.);
#1160=EDGE_CURVE('',#1465,#1466,#181,.T.);
#1161=EDGE_CURVE('',#1466,#1467,#1639,.T.);
#1162=EDGE_CURVE('',#1468,#1467,#182,.T.);
#1163=EDGE_CURVE('',#1469,#1468,#1640,.T.);
#1164=EDGE_CURVE('',#1469,#1470,#183,.T.);
#1165=EDGE_CURVE('',#1470,#1448,#1641,.T.);
#1166=EDGE_CURVE('',#1441,#1471,#184,.T.);
#1167=EDGE_CURVE('',#1471,#1472,#1642,.F.);
#1168=EDGE_CURVE('',#1472,#1442,#185,.T.);
#1169=EDGE_CURVE('',#1473,#1445,#186,.F.);
#1170=EDGE_CURVE('',#1474,#1473,#120,.T.);
#1171=EDGE_CURVE('',#1446,#1474,#187,.T.);
#1172=EDGE_CURVE('',#1475,#1476,#121,.T.);
#1173=EDGE_CURVE('',#1444,#1475,#188,.F.);
#1174=EDGE_CURVE('',#1476,#1443,#189,.T.);
#1175=EDGE_CURVE('',#1474,#1477,#190,.T.);
#1176=EDGE_CURVE('',#1477,#1478,#122,.T.);
#1177=EDGE_CURVE('',#1412,#1478,#191,.T.);
#1178=EDGE_CURVE('',#1472,#1479,#123,.T.);
#1179=EDGE_CURVE('',#1476,#1479,#192,.T.);
#1180=EDGE_CURVE('',#1473,#1475,#1643,.T.);
#1181=EDGE_CURVE('',#1435,#1480,#193,.T.);
#1182=EDGE_CURVE('',#1480,#1481,#1644,.F.);
#1183=EDGE_CURVE('',#1481,#1436,#194,.T.);
#1184=EDGE_CURVE('',#1482,#1439,#195,.F.);
#1185=EDGE_CURVE('',#1483,#1482,#124,.T.);
#1186=EDGE_CURVE('',#1440,#1483,#196,.T.);
#1187=EDGE_CURVE('',#1484,#1485,#125,.T.);
#1188=EDGE_CURVE('',#1438,#1484,#197,.F.);
#1189=EDGE_CURVE('',#1485,#1437,#198,.T.);
#1190=EDGE_CURVE('',#1483,#1486,#199,.T.);
#1191=EDGE_CURVE('',#1486,#1471,#126,.T.);
#1192=EDGE_CURVE('',#1481,#1487,#127,.T.);
#1193=EDGE_CURVE('',#1485,#1487,#200,.T.);
#1194=EDGE_CURVE('',#1482,#1484,#1645,.T.);
#1195=EDGE_CURVE('',#1429,#1488,#201,.T.);
#1196=EDGE_CURVE('',#1488,#1489,#1646,.F.);
#1197=EDGE_CURVE('',#1489,#1430,#202,.T.);
#1198=EDGE_CURVE('',#1490,#1433,#203,.F.);
#1199=EDGE_CURVE('',#1491,#1490,#128,.T.);
#1200=EDGE_CURVE('',#1434,#1491,#204,.T.);
#1201=EDGE_CURVE('',#1492,#1493,#129,.T.);
#1202=EDGE_CURVE('',#1432,#1492,#205,.F.);
#1203=EDGE_CURVE('',#1493,#1431,#206,.T.);
#1204=EDGE_CURVE('',#1491,#1494,#207,.T.);
#1205=EDGE_CURVE('',#1494,#1480,#130,.T.);
#1206=EDGE_CURVE('',#1489,#1495,#131,.T.);
#1207=EDGE_CURVE('',#1493,#1495,#208,.T.);
#1208=EDGE_CURVE('',#1490,#1492,#1647,.T.);
#1209=EDGE_CURVE('',#1423,#1496,#209,.T.);
#1210=EDGE_CURVE('',#1496,#1497,#1648,.F.);
#1211=EDGE_CURVE('',#1497,#1424,#210,.T.);
#1212=EDGE_CURVE('',#1498,#1427,#211,.F.);
#1213=EDGE_CURVE('',#1499,#1498,#132,.T.);
#1214=EDGE_CURVE('',#1428,#1499,#212,.T.);
#1215=EDGE_CURVE('',#1500,#1501,#133,.T.);
#1216=EDGE_CURVE('',#1426,#1500,#213,.F.);
#1217=EDGE_CURVE('',#1501,#1425,#214,.T.);
#1218=EDGE_CURVE('',#1499,#1502,#215,.T.);
#1219=EDGE_CURVE('',#1502,#1488,#134,.T.);
#1220=EDGE_CURVE('',#1497,#1503,#135,.T.);
#1221=EDGE_CURVE('',#1501,#1503,#216,.T.);
#1222=EDGE_CURVE('',#1498,#1500,#1649,.T.);
#1223=EDGE_CURVE('',#1417,#1504,#217,.T.);
#1224=EDGE_CURVE('',#1504,#1505,#1650,.F.);
#1225=EDGE_CURVE('',#1505,#1418,#218,.T.);
#1226=EDGE_CURVE('',#1506,#1421,#219,.F.);
#1227=EDGE_CURVE('',#1507,#1506,#136,.T.);
#1228=EDGE_CURVE('',#1422,#1507,#220,.T.);
#1229=EDGE_CURVE('',#1508,#1509,#137,.T.);
#1230=EDGE_CURVE('',#1420,#1508,#221,.F.);
#1231=EDGE_CURVE('',#1509,#1419,#222,.T.);
#1232=EDGE_CURVE('',#1507,#1510,#223,.T.);
#1233=EDGE_CURVE('',#1510,#1496,#138,.T.);
#1234=EDGE_CURVE('',#1505,#1511,#139,.T.);
#1235=EDGE_CURVE('',#1509,#1511,#224,.T.);
#1236=EDGE_CURVE('',#1506,#1508,#1651,.T.);
#1237=EDGE_CURVE('',#1512,#1512,#1652,.F.);
#1238=EDGE_CURVE('',#1513,#1514,#225,.T.);
#1239=EDGE_CURVE('',#1514,#1477,#1653,.T.);
#1240=EDGE_CURVE('',#1479,#1486,#1654,.T.);
#1241=EDGE_CURVE('',#1487,#1494,#1655,.T.);
#1242=EDGE_CURVE('',#1495,#1502,#1656,.T.);
#1243=EDGE_CURVE('',#1503,#1510,#1657,.T.);
#1244=EDGE_CURVE('',#1511,#1515,#1658,.T.);
#1245=EDGE_CURVE('',#1516,#1515,#226,.T.);
#1246=EDGE_CURVE('',#1516,#1517,#140,.T.);
#1247=EDGE_CURVE('',#1517,#1518,#1659,.T.);
#1248=EDGE_CURVE('',#1518,#1513,#141,.T.);
#1249=EDGE_CURVE('',#1519,#1519,#1660,.T.);
#1250=EDGE_CURVE('',#1450,#1520,#227,.T.);
#1251=EDGE_CURVE('',#1520,#1521,#1661,.F.);
#1252=EDGE_CURVE('',#1521,#1448,#228,.T.);
#1253=EDGE_CURVE('',#1522,#1470,#229,.T.);
#1254=EDGE_CURVE('',#1522,#1523,#1662,.F.);
#1255=EDGE_CURVE('',#1467,#1523,#230,.T.);
#1256=EDGE_CURVE('',#1524,#1466,#231,.T.);
#1257=EDGE_CURVE('',#1524,#1525,#1663,.F.);
#1258=EDGE_CURVE('',#1463,#1525,#232,.T.);
#1259=EDGE_CURVE('',#1462,#1526,#233,.T.);
#1260=EDGE_CURVE('',#1526,#1527,#1664,.F.);
#1261=EDGE_CURVE('',#1527,#1459,#234,.T.);
#1262=EDGE_CURVE('',#1458,#1528,#235,.T.);
#1263=EDGE_CURVE('',#1528,#1529,#1665,.F.);
#1264=EDGE_CURVE('',#1529,#1455,#236,.T.);
#1265=EDGE_CURVE('',#1454,#1530,#237,.T.);
#1266=EDGE_CURVE('',#1530,#1531,#1666,.F.);
#1267=EDGE_CURVE('',#1531,#1451,#238,.T.);
#1268=EDGE_CURVE('',#1532,#1532,#1667,.T.);
#1269=EDGE_CURVE('',#1533,#1533,#1668,.T.);
#1270=EDGE_CURVE('',#1534,#1535,#239,.T.);
#1271=EDGE_CURVE('',#1534,#1536,#240,.F.);
#1272=EDGE_CURVE('',#1536,#1537,#241,.T.);
#1273=EDGE_CURVE('',#1537,#1538,#242,.F.);
#1274=EDGE_CURVE('',#1539,#1538,#243,.T.);
#1275=EDGE_CURVE('',#1540,#1539,#244,.T.);
#1276=EDGE_CURVE('',#1541,#1540,#245,.T.);
#1277=EDGE_CURVE('',#1535,#1541,#246,.T.);
#1278=EDGE_CURVE('',#1542,#1543,#247,.T.);
#1279=EDGE_CURVE('',#1543,#1544,#1669,.T.);
#1280=EDGE_CURVE('',#1544,#1545,#248,.T.);
#1281=EDGE_CURVE('',#1545,#1542,#249,.T.);
#1282=EDGE_CURVE('',#1546,#1547,#250,.T.);
#1283=EDGE_CURVE('',#1548,#1546,#1670,.T.);
#1284=EDGE_CURVE('',#1549,#1548,#251,.T.);
#1285=EDGE_CURVE('',#1547,#1549,#252,.T.);
#1286=EDGE_CURVE('',#1550,#1551,#253,.T.);
#1287=EDGE_CURVE('',#1550,#1552,#254,.F.);
#1288=EDGE_CURVE('',#1553,#1552,#255,.T.);
#1289=EDGE_CURVE('',#1554,#1553,#256,.T.);
#1290=EDGE_CURVE('',#1555,#1554,#257,.T.);
#1291=EDGE_CURVE('',#1556,#1555,#258,.T.);
#1292=EDGE_CURVE('',#1557,#1556,#259,.T.);
#1293=EDGE_CURVE('',#1557,#1551,#260,.F.);
#1294=EDGE_CURVE('',#1558,#1535,#261,.T.);
#1295=EDGE_CURVE('',#1558,#1559,#1671,.F.);
#1296=EDGE_CURVE('',#1559,#1539,#262,.T.);
#1297=EDGE_CURVE('',#1560,#1538,#263,.T.);
#1298=EDGE_CURVE('',#1560,#1561,#1672,.T.);
#1299=EDGE_CURVE('',#1561,#1534,#264,.T.);
#1300=EDGE_CURVE('',#1562,#1556,#265,.T.);
#1301=EDGE_CURVE('',#1562,#1563,#1673,.F.);
#1302=EDGE_CURVE('',#1563,#1553,#266,.T.);
#1303=EDGE_CURVE('',#1564,#1552,#267,.T.);
#1304=EDGE_CURVE('',#1564,#1565,#1674,.T.);
#1305=EDGE_CURVE('',#1565,#1557,#268,.T.);
#1306=EDGE_CURVE('',#1566,#1567,#1675,.F.);
#1307=EDGE_CURVE('',#1567,#1541,#269,.T.);
#1308=EDGE_CURVE('',#1566,#1540,#270,.T.);
#1309=EDGE_CURVE('',#1559,#1566,#271,.F.);
#1310=EDGE_CURVE('',#1567,#1558,#272,.F.);
#1311=EDGE_CURVE('',#1568,#1569,#1676,.F.);
#1312=EDGE_CURVE('',#1569,#1555,#273,.T.);
#1313=EDGE_CURVE('',#1568,#1554,#274,.T.);
#1314=EDGE_CURVE('',#1563,#1568,#275,.F.);
#1315=EDGE_CURVE('',#1569,#1562,#276,.F.);
#1316=EDGE_CURVE('',#1570,#1571,#277,.T.);
#1317=EDGE_CURVE('',#1571,#1572,#1677,.T.);
#1318=EDGE_CURVE('',#1572,#1573,#278,.T.);
#1319=EDGE_CURVE('',#1573,#1570,#279,.T.);
#1320=EDGE_CURVE('',#1572,#1574,#142,.T.);
#1321=EDGE_CURVE('',#1574,#1546,#280,.T.);
#1322=EDGE_CURVE('',#1573,#1547,#281,.T.);
#1323=EDGE_CURVE('',#1570,#1549,#282,.T.);
#1324=EDGE_CURVE('',#1575,#1548,#283,.T.);
#1325=EDGE_CURVE('',#1575,#1571,#143,.T.);
#1326=EDGE_CURVE('',#1574,#1575,#1678,.F.);
#1327=EDGE_CURVE('',#1576,#1577,#284,.T.);
#1328=EDGE_CURVE('',#1576,#1578,#1679,.F.);
#1329=EDGE_CURVE('',#1579,#1578,#285,.T.);
#1330=EDGE_CURVE('',#1577,#1579,#286,.T.);
#1331=EDGE_CURVE('',#1580,#1543,#287,.T.);
#1332=EDGE_CURVE('',#1580,#1581,#1680,.T.);
#1333=EDGE_CURVE('',#1581,#1544,#288,.T.);
#1334=EDGE_CURVE('',#1581,#1576,#144,.T.);
#1335=EDGE_CURVE('',#1577,#1545,#289,.T.);
#1336=EDGE_CURVE('',#1579,#1542,#290,.T.);
#1337=EDGE_CURVE('',#1578,#1580,#145,.T.);
#1338=EDGE_CURVE('',#1551,#1582,#291,.T.);
#1339=EDGE_CURVE('',#1582,#1583,#1681,.F.);
#1340=EDGE_CURVE('',#1583,#1550,#292,.T.);
#1341=EDGE_CURVE('',#1536,#1584,#293,.T.);
#1342=EDGE_CURVE('',#1584,#1585,#1682,.T.);
#1343=EDGE_CURVE('',#1585,#1537,#294,.T.);
#1344=EDGE_CURVE('',#1560,#1585,#295,.T.);
#1345=EDGE_CURVE('',#1561,#1584,#296,.T.);
#1346=EDGE_CURVE('',#1564,#1583,#297,.T.);
#1347=EDGE_CURVE('',#1565,#1582,#298,.T.);
#1348=EDGE_CURVE('',#1586,#1586,#1683,.T.);
#1349=EDGE_CURVE('',#1587,#1587,#1684,.T.);
#1350=EDGE_CURVE('',#1478,#1588,#1685,.F.);
#1351=EDGE_CURVE('',#1588,#1411,#299,.T.);
#1352=EDGE_CURVE('',#1589,#1589,#1686,.F.);
#1353=EDGE_CURVE('',#1590,#1590,#1687,.T.);
#1354=EDGE_CURVE('',#1515,#1504,#146,.T.);
#1355=EDGE_CURVE('',#1416,#1516,#300,.T.);
#1356=EDGE_CURVE('',#1588,#1514,#147,.T.);
#1357=EDGE_CURVE('',#1513,#1413,#301,.T.);
#1358=EDGE_CURVE('',#1414,#1518,#302,.F.);
#1359=EDGE_CURVE('',#1517,#1415,#303,.F.);
#1360=EDGE_CURVE('',#1468,#1591,#304,.T.);
#1361=EDGE_CURVE('',#1591,#1592,#1688,.T.);
#1362=EDGE_CURVE('',#1592,#1469,#305,.T.);
#1363=EDGE_CURVE('',#1523,#1593,#148,.T.);
#1364=EDGE_CURVE('',#1591,#1593,#306,.T.);
#1365=EDGE_CURVE('',#1593,#1594,#1689,.T.);
#1366=EDGE_CURVE('',#1592,#1594,#307,.T.);
#1367=EDGE_CURVE('',#1594,#1522,#149,.T.);
#1368=EDGE_CURVE('',#1464,#1595,#308,.T.);
#1369=EDGE_CURVE('',#1595,#1596,#1690,.T.);
#1370=EDGE_CURVE('',#1596,#1465,#309,.T.);
#1371=EDGE_CURVE('',#1595,#1597,#310,.T.);
#1372=EDGE_CURVE('',#1597,#1598,#1691,.T.);
#1373=EDGE_CURVE('',#1596,#1598,#311,.T.);
#1374=EDGE_CURVE('',#1598,#1524,#150,.T.);
#1375=EDGE_CURVE('',#1525,#1597,#151,.T.);
#1376=EDGE_CURVE('',#1599,#1460,#312,.T.);
#1377=EDGE_CURVE('',#1600,#1599,#1692,.T.);
#1378=EDGE_CURVE('',#1461,#1600,#313,.T.);
#1379=EDGE_CURVE('',#1527,#1601,#152,.T.);
#1380=EDGE_CURVE('',#1599,#1601,#314,.T.);
#1381=EDGE_CURVE('',#1600,#1602,#315,.T.);
#1382=EDGE_CURVE('',#1602,#1526,#153,.T.);
#1383=EDGE_CURVE('',#1601,#1602,#1693,.T.);
#1384=EDGE_CURVE('',#1603,#1456,#316,.T.);
#1385=EDGE_CURVE('',#1604,#1603,#1694,.T.);
#1386=EDGE_CURVE('',#1457,#1604,#317,.T.);
#1387=EDGE_CURVE('',#1529,#1605,#154,.T.);
#1388=EDGE_CURVE('',#1603,#1605,#318,.T.);
#1389=EDGE_CURVE('',#1604,#1606,#319,.T.);
#1390=EDGE_CURVE('',#1606,#1528,#155,.T.);
#1391=EDGE_CURVE('',#1605,#1606,#1695,.T.);
#1392=EDGE_CURVE('',#1607,#1452,#320,.T.);
#1393=EDGE_CURVE('',#1608,#1607,#1696,.T.);
#1394=EDGE_CURVE('',#1453,#1608,#321,.T.);
#1395=EDGE_CURVE('',#1531,#1609,#156,.T.);
#1396=EDGE_CURVE('',#1607,#1609,#322,.T.);
#1397=EDGE_CURVE('',#1608,#1610,#323,.T.);
#1398=EDGE_CURVE('',#1610,#1530,#157,.T.);
#1399=EDGE_CURVE('',#1609,#1610,#1697,.T.);
#1400=EDGE_CURVE('',#1611,#1447,#324,.T.);
#1401=EDGE_CURVE('',#1612,#1611,#1698,.T.);
#1402=EDGE_CURVE('',#1449,#1612,#325,.T.);
#1403=EDGE_CURVE('',#1521,#1613,#158,.T.);
#1404=EDGE_CURVE('',#1611,#1613,#326,.T.);
#1405=EDGE_CURVE('',#1612,#1614,#327,.T.);
#1406=EDGE_CURVE('',#1614,#1520,#159,.T.);
#1407=EDGE_CURVE('',#1613,#1614,#1699,.T.);
#1408=EDGE_CURVE('',#1615,#1615,#1700,.T.);
#1409=EDGE_CURVE('',#1616,#1616,#1701,.T.);
#1410=EDGE_CURVE('',#1617,#1617,#1702,.T.);
#1411=VERTEX_POINT('',#3707);
#1412=VERTEX_POINT('',#3708);
#1413=VERTEX_POINT('',#3710);
#1414=VERTEX_POINT('',#3715);
#1415=VERTEX_POINT('',#3717);
#1416=VERTEX_POINT('',#3722);
#1417=VERTEX_POINT('',#3724);
#1418=VERTEX_POINT('',#3726);
#1419=VERTEX_POINT('',#3728);
#1420=VERTEX_POINT('',#3733);
#1421=VERTEX_POINT('',#3735);
#1422=VERTEX_POINT('',#3740);
#1423=VERTEX_POINT('',#3742);
#1424=VERTEX_POINT('',#3744);
#1425=VERTEX_POINT('',#3746);
#1426=VERTEX_POINT('',#3751);
#1427=VERTEX_POINT('',#3753);
#1428=VERTEX_POINT('',#3758);
#1429=VERTEX_POINT('',#3760);
#1430=VERTEX_POINT('',#3762);
#1431=VERTEX_POINT('',#3764);
#1432=VERTEX_POINT('',#3769);
#1433=VERTEX_POINT('',#3771);
#1434=VERTEX_POINT('',#3776);
#1435=VERTEX_POINT('',#3778);
#1436=VERTEX_POINT('',#3780);
#1437=VERTEX_POINT('',#3782);
#1438=VERTEX_POINT('',#3787);
#1439=VERTEX_POINT('',#3789);
#1440=VERTEX_POINT('',#3794);
#1441=VERTEX_POINT('',#3796);
#1442=VERTEX_POINT('',#3798);
#1443=VERTEX_POINT('',#3800);
#1444=VERTEX_POINT('',#3805);
#1445=VERTEX_POINT('',#3807);
#1446=VERTEX_POINT('',#3812);
#1447=VERTEX_POINT('',#3815);
#1448=VERTEX_POINT('',#3816);
#1449=VERTEX_POINT('',#3818);
#1450=VERTEX_POINT('',#3820);
#1451=VERTEX_POINT('',#3822);
#1452=VERTEX_POINT('',#3824);
#1453=VERTEX_POINT('',#3826);
#1454=VERTEX_POINT('',#3828);
#1455=VERTEX_POINT('',#3830);
#1456=VERTEX_POINT('',#3832);
#1457=VERTEX_POINT('',#3834);
#1458=VERTEX_POINT('',#3836);
#1459=VERTEX_POINT('',#3838);
#1460=VERTEX_POINT('',#3840);
#1461=VERTEX_POINT('',#3842);
#1462=VERTEX_POINT('',#3844);
#1463=VERTEX_POINT('',#3846);
#1464=VERTEX_POINT('',#3848);
#1465=VERTEX_POINT('',#3850);
#1466=VERTEX_POINT('',#3852);
#1467=VERTEX_POINT('',#3854);
#1468=VERTEX_POINT('',#3856);
#1469=VERTEX_POINT('',#3858);
#1470=VERTEX_POINT('',#3860);
#1471=VERTEX_POINT('',#3864);
#1472=VERTEX_POINT('',#3866);
#1473=VERTEX_POINT('',#3870);
#1474=VERTEX_POINT('',#3875);
#1475=VERTEX_POINT('',#3882);
#1476=VERTEX_POINT('',#3883);
#1477=VERTEX_POINT('',#3888);
#1478=VERTEX_POINT('',#3893);
#1479=VERTEX_POINT('',#3900);
#1480=VERTEX_POINT('',#3906);
#1481=VERTEX_POINT('',#3908);
#1482=VERTEX_POINT('',#3912);
#1483=VERTEX_POINT('',#3917);
#1484=VERTEX_POINT('',#3924);
#1485=VERTEX_POINT('',#3925);
#1486=VERTEX_POINT('',#3930);
#1487=VERTEX_POINT('',#3940);
#1488=VERTEX_POINT('',#3946);
#1489=VERTEX_POINT('',#3948);
#1490=VERTEX_POINT('',#3952);
#1491=VERTEX_POINT('',#3957);
#1492=VERTEX_POINT('',#3964);
#1493=VERTEX_POINT('',#3965);
#1494=VERTEX_POINT('',#3970);
#1495=VERTEX_POINT('',#3980);
#1496=VERTEX_POINT('',#3986);
#1497=VERTEX_POINT('',#3988);
#1498=VERTEX_POINT('',#3992);
#1499=VERTEX_POINT('',#3997);
#1500=VERTEX_POINT('',#4004);
#1501=VERTEX_POINT('',#4005);
#1502=VERTEX_POINT('',#4010);
#1503=VERTEX_POINT('',#4020);
#1504=VERTEX_POINT('',#4026);
#1505=VERTEX_POINT('',#4028);
#1506=VERTEX_POINT('',#4032);
#1507=VERTEX_POINT('',#4037);
#1508=VERTEX_POINT('',#4044);
#1509=VERTEX_POINT('',#4045);
#1510=VERTEX_POINT('',#4050);
#1511=VERTEX_POINT('',#4060);
#1512=VERTEX_POINT('',#4066);
#1513=VERTEX_POINT('',#4068);
#1514=VERTEX_POINT('',#4069);
#1515=VERTEX_POINT('',#4076);
#1516=VERTEX_POINT('',#4078);
#1517=VERTEX_POINT('',#4083);
#1518=VERTEX_POINT('',#4085);
#1519=VERTEX_POINT('',#4092);
#1520=VERTEX_POINT('',#4094);
#1521=VERTEX_POINT('',#4096);
#1522=VERTEX_POINT('',#4099);
#1523=VERTEX_POINT('',#4101);
#1524=VERTEX_POINT('',#4104);
#1525=VERTEX_POINT('',#4106);
#1526=VERTEX_POINT('',#4109);
#1527=VERTEX_POINT('',#4111);
#1528=VERTEX_POINT('',#4114);
#1529=VERTEX_POINT('',#4116);
#1530=VERTEX_POINT('',#4119);
#1531=VERTEX_POINT('',#4121);
#1532=VERTEX_POINT('',#4124);
#1533=VERTEX_POINT('',#4126);
#1534=VERTEX_POINT('',#4128);
#1535=VERTEX_POINT('',#4129);
#1536=VERTEX_POINT('',#4131);
#1537=VERTEX_POINT('',#4133);
#1538=VERTEX_POINT('',#4135);
#1539=VERTEX_POINT('',#4137);
#1540=VERTEX_POINT('',#4139);
#1541=VERTEX_POINT('',#4141);
#1542=VERTEX_POINT('',#4144);
#1543=VERTEX_POINT('',#4145);
#1544=VERTEX_POINT('',#4147);
#1545=VERTEX_POINT('',#4149);
#1546=VERTEX_POINT('',#4152);
#1547=VERTEX_POINT('',#4153);
#1548=VERTEX_POINT('',#4155);
#1549=VERTEX_POINT('',#4157);
#1550=VERTEX_POINT('',#4160);
#1551=VERTEX_POINT('',#4161);
#1552=VERTEX_POINT('',#4163);
#1553=VERTEX_POINT('',#4165);
#1554=VERTEX_POINT('',#4167);
#1555=VERTEX_POINT('',#4169);
#1556=VERTEX_POINT('',#4171);
#1557=VERTEX_POINT('',#4173);
#1558=VERTEX_POINT('',#4177);
#1559=VERTEX_POINT('',#4179);
#1560=VERTEX_POINT('',#4182);
#1561=VERTEX_POINT('',#4184);
#1562=VERTEX_POINT('',#4188);
#1563=VERTEX_POINT('',#4190);
#1564=VERTEX_POINT('',#4193);
#1565=VERTEX_POINT('',#4195);
#1566=VERTEX_POINT('',#4199);
#1567=VERTEX_POINT('',#4200);
#1568=VERTEX_POINT('',#4209);
#1569=VERTEX_POINT('',#4210);
#1570=VERTEX_POINT('',#4219);
#1571=VERTEX_POINT('',#4220);
#1572=VERTEX_POINT('',#4222);
#1573=VERTEX_POINT('',#4224);
#1574=VERTEX_POINT('',#4231);
#1575=VERTEX_POINT('',#4238);
#1576=VERTEX_POINT('',#4247);
#1577=VERTEX_POINT('',#4248);
#1578=VERTEX_POINT('',#4250);
#1579=VERTEX_POINT('',#4252);
#1580=VERTEX_POINT('',#4256);
#1581=VERTEX_POINT('',#4258);
#1582=VERTEX_POINT('',#4275);
#1583=VERTEX_POINT('',#4277);
#1584=VERTEX_POINT('',#4281);
#1585=VERTEX_POINT('',#4283);
#1586=VERTEX_POINT('',#4299);
#1587=VERTEX_POINT('',#4303);
#1588=VERTEX_POINT('',#4307);
#1589=VERTEX_POINT('',#4311);
#1590=VERTEX_POINT('',#4313);
#1591=VERTEX_POINT('',#4334);
#1592=VERTEX_POINT('',#4336);
#1593=VERTEX_POINT('',#4343);
#1594=VERTEX_POINT('',#4347);
#1595=VERTEX_POINT('',#4356);
#1596=VERTEX_POINT('',#4358);
#1597=VERTEX_POINT('',#4362);
#1598=VERTEX_POINT('',#4364);
#1599=VERTEX_POINT('',#4378);
#1600=VERTEX_POINT('',#4380);
#1601=VERTEX_POINT('',#4387);
#1602=VERTEX_POINT('',#4391);
#1603=VERTEX_POINT('',#4400);
#1604=VERTEX_POINT('',#4402);
#1605=VERTEX_POINT('',#4409);
#1606=VERTEX_POINT('',#4413);
#1607=VERTEX_POINT('',#4422);
#1608=VERTEX_POINT('',#4424);
#1609=VERTEX_POINT('',#4431);
#1610=VERTEX_POINT('',#4435);
#1611=VERTEX_POINT('',#4444);
#1612=VERTEX_POINT('',#4446);
#1613=VERTEX_POINT('',#4453);
#1614=VERTEX_POINT('',#4457);
#1615=VERTEX_POINT('',#4466);
#1616=VERTEX_POINT('',#4468);
#1617=VERTEX_POINT('',#4486);
#1618=CIRCLE('',#2932,7.5);
#1619=CIRCLE('',#2933,7.5);
#1620=CIRCLE('',#2934,7.5);
#1621=CIRCLE('',#2935,7.5);
#1622=CIRCLE('',#2936,7.5);
#1623=CIRCLE('',#2937,7.5);
#1624=CIRCLE('',#2938,7.5);
#1625=CIRCLE('',#2939,7.5);
#1626=CIRCLE('',#2940,7.5);
#1627=CIRCLE('',#2941,7.5);
#1628=CIRCLE('',#2942,7.5);
#1629=CIRCLE('',#2943,7.5);
#1630=CIRCLE('',#2944,7.5);
#1631=CIRCLE('',#2945,7.5);
#1632=CIRCLE('',#2946,7.5);
#1633=CIRCLE('',#2947,7.5);
#1634=CIRCLE('',#2948,7.5);
#1635=CIRCLE('',#2949,7.5);
#1636=CIRCLE('',#2950,7.5);
#1637=CIRCLE('',#2951,7.5);
#1638=CIRCLE('',#2952,7.5);
#1639=CIRCLE('',#2953,7.5);
#1640=CIRCLE('',#2954,7.5);
#1641=CIRCLE('',#2955,7.5);
#1642=CIRCLE('',#2957,8.4);
#1643=CIRCLE('',#2963,8.5);
#1644=CIRCLE('',#2965,8.4);
#1645=CIRCLE('',#2971,8.5);
#1646=CIRCLE('',#2973,8.4);
#1647=CIRCLE('',#2979,8.5);
#1648=CIRCLE('',#2981,8.4);
#1649=CIRCLE('',#2987,8.5);
#1650=CIRCLE('',#2989,8.4);
#1651=CIRCLE('',#2995,8.5);
#1652=CIRCLE('',#2997,8.5);
#1653=CIRCLE('',#2998,8.5);
#1654=CIRCLE('',#2999,8.5);
#1655=CIRCLE('',#3000,8.5);
#1656=CIRCLE('',#3001,8.5);
#1657=CIRCLE('',#3002,8.5);
#1658=CIRCLE('',#3003,8.5);
#1659=CIRCLE('',#3004,8.5);
#1660=CIRCLE('',#3006,0.75);
#1661=CIRCLE('',#3007,8.3);
#1662=CIRCLE('',#3008,8.3);
#1663=CIRCLE('',#3009,8.3);
#1664=CIRCLE('',#3010,8.3);
#1665=CIRCLE('',#3011,8.3);
#1666=CIRCLE('',#3012,8.3);
#1667=CIRCLE('',#3013,0.5);
#1668=CIRCLE('',#3014,0.5);
#1669=CIRCLE('',#3015,2.);
#1670=CIRCLE('',#3016,2.);
#1671=CIRCLE('',#3018,0.325);
#1672=CIRCLE('',#3019,0.225);
#1673=CIRCLE('',#3021,0.325);
#1674=CIRCLE('',#3022,0.225);
#1675=CIRCLE('',#3024,0.325);
#1676=CIRCLE('',#3028,0.325);
#1677=CIRCLE('',#3032,1.9);
#1678=CIRCLE('',#3037,2.);
#1679=CIRCLE('',#3039,1.9);
#1680=CIRCLE('',#3041,2.);
#1681=CIRCLE('',#3046,0.124999999999999);
#1682=CIRCLE('',#3048,0.125);
#1683=CIRCLE('',#3058,0.5);
#1684=CIRCLE('',#3061,0.5);
#1685=CIRCLE('',#3064,8.4);
#1686=CIRCLE('',#3066,1.072);
#1687=CIRCLE('',#3067,7.75);
#1688=CIRCLE('',#3075,8.4);
#1689=CIRCLE('',#3078,8.4);
#1690=CIRCLE('',#3081,8.4);
#1691=CIRCLE('',#3083,8.4);
#1692=CIRCLE('',#3087,8.4);
#1693=CIRCLE('',#3091,8.4);
#1694=CIRCLE('',#3093,8.4);
#1695=CIRCLE('',#3097,8.4);
#1696=CIRCLE('',#3099,8.4);
#1697=CIRCLE('',#3103,8.4);
#1698=CIRCLE('',#3105,8.4);
#1699=CIRCLE('',#3109,8.4);
#1700=CIRCLE('',#3111,1.);
#1701=CIRCLE('',#3112,1.);
#1702=CIRCLE('',#3129,0.75);
#1703=EDGE_LOOP('',(#496,#497,#498,#499,#500,#501,#502,#503,#504,#505,#506,
#507,#508,#509,#510,#511,#512,#513,#514,#515,#516,#517,#518,#519,#520,#521,
#522,#523,#524,#525,#526,#527,#528,#529,#530,#531));
#1704=EDGE_LOOP('',(#532,#533,#534,#535,#536,#537,#538,#539,#540,#541,#542,
#543,#544,#545,#546,#547,#548,#549,#550,#551,#552,#553,#554,#555));
#1705=EDGE_LOOP('',(#556,#557,#558,#559));
#1706=EDGE_LOOP('',(#560,#561,#562,#563));
#1707=EDGE_LOOP('',(#564,#565,#566,#567));
#1708=EDGE_LOOP('',(#568,#569,#570,#571,#572));
#1709=EDGE_LOOP('',(#573,#574,#575,#576,#577));
#1710=EDGE_LOOP('',(#578,#579,#580,#581));
#1711=EDGE_LOOP('',(#582,#583,#584,#585));
#1712=EDGE_LOOP('',(#586,#587,#588,#589));
#1713=EDGE_LOOP('',(#590,#591,#592,#593));
#1714=EDGE_LOOP('',(#594,#595,#596,#597,#598));
#1715=EDGE_LOOP('',(#599,#600,#601,#602,#603));
#1716=EDGE_LOOP('',(#604,#605,#606,#607));
#1717=EDGE_LOOP('',(#608,#609,#610,#611));
#1718=EDGE_LOOP('',(#612,#613,#614,#615));
#1719=EDGE_LOOP('',(#616,#617,#618,#619));
#1720=EDGE_LOOP('',(#620,#621,#622,#623,#624));
#1721=EDGE_LOOP('',(#625,#626,#627,#628,#629));
#1722=EDGE_LOOP('',(#630,#631,#632,#633));
#1723=EDGE_LOOP('',(#634,#635,#636,#637));
#1724=EDGE_LOOP('',(#638,#639,#640,#641));
#1725=EDGE_LOOP('',(#642,#643,#644,#645));
#1726=EDGE_LOOP('',(#646,#647,#648,#649,#650));
#1727=EDGE_LOOP('',(#651,#652,#653,#654,#655));
#1728=EDGE_LOOP('',(#656,#657,#658,#659));
#1729=EDGE_LOOP('',(#660,#661,#662,#663));
#1730=EDGE_LOOP('',(#664,#665,#666,#667));
#1731=EDGE_LOOP('',(#668,#669,#670,#671));
#1732=EDGE_LOOP('',(#672,#673,#674,#675,#676));
#1733=EDGE_LOOP('',(#677,#678,#679,#680,#681));
#1734=EDGE_LOOP('',(#682,#683,#684,#685));
#1735=EDGE_LOOP('',(#686));
#1736=EDGE_LOOP('',(#687,#688,#689,#690,#691,#692,#693,#694,#695,#696,#697,
#698,#699,#700,#701,#702,#703,#704,#705,#706,#707,#708,#709,#710,#711,#712,
#713,#714,#715,#716,#717,#718,#719,#720,#721,#722));
#1737=EDGE_LOOP('',(#723));
#1738=EDGE_LOOP('',(#724,#725,#726,#727,#728,#729,#730,#731,#732,#733,#734,
#735,#736,#737,#738,#739,#740,#741,#742,#743,#744,#745,#746,#747));
#1739=EDGE_LOOP('',(#748));
#1740=EDGE_LOOP('',(#749));
#1741=EDGE_LOOP('',(#750,#751,#752,#753,#754,#755,#756,#757));
#1742=EDGE_LOOP('',(#758,#759,#760,#761));
#1743=EDGE_LOOP('',(#762,#763,#764,#765));
#1744=EDGE_LOOP('',(#766,#767,#768,#769,#770,#771,#772,#773));
#1745=EDGE_LOOP('',(#774,#775,#776,#777,#778,#779,#780,#781));
#1746=EDGE_LOOP('',(#782,#783,#784,#785,#786,#787,#788,#789));
#1747=EDGE_LOOP('',(#790,#791,#792,#793));
#1748=EDGE_LOOP('',(#794,#795,#796,#797));
#1749=EDGE_LOOP('',(#798,#799,#800,#801));
#1750=EDGE_LOOP('',(#802,#803,#804,#805));
#1751=EDGE_LOOP('',(#806,#807,#808,#809));
#1752=EDGE_LOOP('',(#810,#811,#812,#813));
#1753=EDGE_LOOP('',(#814,#815,#816,#817));
#1754=EDGE_LOOP('',(#818,#819,#820,#821,#822));
#1755=EDGE_LOOP('',(#823,#824,#825,#826));
#1756=EDGE_LOOP('',(#827,#828,#829,#830,#831));
#1757=EDGE_LOOP('',(#832,#833,#834,#835));
#1758=EDGE_LOOP('',(#836,#837,#838,#839));
#1759=EDGE_LOOP('',(#840,#841,#842,#843));
#1760=EDGE_LOOP('',(#844,#845,#846,#847,#848));
#1761=EDGE_LOOP('',(#849,#850,#851,#852));
#1762=EDGE_LOOP('',(#853,#854,#855,#856,#857));
#1763=EDGE_LOOP('',(#858,#859,#860,#861));
#1764=EDGE_LOOP('',(#862,#863,#864,#865));
#1765=EDGE_LOOP('',(#866,#867,#868,#869));
#1766=EDGE_LOOP('',(#870,#871,#872,#873));
#1767=EDGE_LOOP('',(#874,#875,#876,#877));
#1768=EDGE_LOOP('',(#878,#879,#880,#881));
#1769=EDGE_LOOP('',(#882,#883,#884,#885));
#1770=EDGE_LOOP('',(#886,#887,#888,#889));
#1771=EDGE_LOOP('',(#890,#891,#892,#893));
#1772=EDGE_LOOP('',(#894,#895,#896,#897));
#1773=EDGE_LOOP('',(#898));
#1774=EDGE_LOOP('',(#899));
#1775=EDGE_LOOP('',(#900));
#1776=EDGE_LOOP('',(#901));
#1777=EDGE_LOOP('',(#902));
#1778=EDGE_LOOP('',(#903));
#1779=EDGE_LOOP('',(#904,#905,#906,#907));
#1780=EDGE_LOOP('',(#908));
#1781=EDGE_LOOP('',(#909));
#1782=EDGE_LOOP('',(#910));
#1783=EDGE_LOOP('',(#911));
#1784=EDGE_LOOP('',(#912,#913,#914,#915,#916));
#1785=EDGE_LOOP('',(#917,#918,#919,#920,#921));
#1786=EDGE_LOOP('',(#922,#923,#924,#925));
#1787=EDGE_LOOP('',(#926,#927,#928,#929));
#1788=EDGE_LOOP('',(#930,#931,#932,#933));
#1789=EDGE_LOOP('',(#934,#935,#936,#937));
#1790=EDGE_LOOP('',(#938,#939,#940,#941,#942));
#1791=EDGE_LOOP('',(#943,#944,#945,#946));
#1792=EDGE_LOOP('',(#947,#948,#949,#950,#951));
#1793=EDGE_LOOP('',(#952,#953,#954,#955));
#1794=EDGE_LOOP('',(#956,#957,#958,#959));
#1795=EDGE_LOOP('',(#960,#961,#962,#963,#964));
#1796=EDGE_LOOP('',(#965,#966,#967,#968,#969));
#1797=EDGE_LOOP('',(#970,#971,#972,#973));
#1798=EDGE_LOOP('',(#974,#975,#976,#977,#978));
#1799=EDGE_LOOP('',(#979,#980,#981,#982,#983));
#1800=EDGE_LOOP('',(#984,#985,#986,#987));
#1801=EDGE_LOOP('',(#988,#989,#990,#991));
#1802=EDGE_LOOP('',(#992,#993,#994,#995,#996));
#1803=EDGE_LOOP('',(#997,#998,#999,#1000,#1001));
#1804=EDGE_LOOP('',(#1002,#1003,#1004,#1005));
#1805=EDGE_LOOP('',(#1006,#1007,#1008,#1009));
#1806=EDGE_LOOP('',(#1010,#1011,#1012,#1013,#1014));
#1807=EDGE_LOOP('',(#1015,#1016,#1017,#1018,#1019));
#1808=EDGE_LOOP('',(#1020,#1021,#1022,#1023));
#1809=EDGE_LOOP('',(#1024,#1025,#1026,#1027));
#1810=EDGE_LOOP('',(#1028,#1029,#1030,#1031,#1032));
#1811=EDGE_LOOP('',(#1033,#1034,#1035,#1036,#1037));
#1812=EDGE_LOOP('',(#1038,#1039,#1040,#1041));
#1813=EDGE_LOOP('',(#1042));
#1814=EDGE_LOOP('',(#1043));
#1815=EDGE_LOOP('',(#1044));
#1816=EDGE_LOOP('',(#1045,#1046,#1047,#1048));
#1817=EDGE_LOOP('',(#1049,#1050,#1051,#1052));
#1818=EDGE_LOOP('',(#1053,#1054,#1055,#1056));
#1819=EDGE_LOOP('',(#1057,#1058,#1059,#1060));
#1820=EDGE_LOOP('',(#1061,#1062,#1063,#1064));
#1821=EDGE_LOOP('',(#1065,#1066,#1067,#1068));
#1822=EDGE_LOOP('',(#1069,#1070,#1071,#1072));
#1823=EDGE_LOOP('',(#1073,#1074,#1075,#1076));
#1824=EDGE_LOOP('',(#1077,#1078,#1079,#1080));
#1825=EDGE_LOOP('',(#1081,#1082,#1083,#1084));
#1826=EDGE_LOOP('',(#1085,#1086,#1087,#1088));
#1827=EDGE_LOOP('',(#1089,#1090,#1091,#1092));
#1828=EDGE_LOOP('',(#1093,#1094,#1095,#1096));
#1829=EDGE_LOOP('',(#1097,#1098,#1099,#1100));
#1830=EDGE_LOOP('',(#1101));
#1831=EDGE_LOOP('',(#1102));
#1832=EDGE_LOOP('',(#1103));
#1833=EDGE_LOOP('',(#1104));
#1834=EDGE_LOOP('',(#1105));
#1835=FACE_BOUND('',#1703,.T.);
#1836=FACE_BOUND('',#1704,.T.);
#1837=FACE_BOUND('',#1705,.T.);
#1838=FACE_BOUND('',#1706,.T.);
#1839=FACE_BOUND('',#1707,.T.);
#1840=FACE_BOUND('',#1708,.T.);
#1841=FACE_BOUND('',#1709,.T.);
#1842=FACE_BOUND('',#1710,.T.);
#1843=FACE_BOUND('',#1711,.T.);
#1844=FACE_BOUND('',#1712,.T.);
#1845=FACE_BOUND('',#1713,.T.);
#1846=FACE_BOUND('',#1714,.T.);
#1847=FACE_BOUND('',#1715,.T.);
#1848=FACE_BOUND('',#1716,.T.);
#1849=FACE_BOUND('',#1717,.T.);
#1850=FACE_BOUND('',#1718,.T.);
#1851=FACE_BOUND('',#1719,.T.);
#1852=FACE_BOUND('',#1720,.T.);
#1853=FACE_BOUND('',#1721,.T.);
#1854=FACE_BOUND('',#1722,.T.);
#1855=FACE_BOUND('',#1723,.T.);
#1856=FACE_BOUND('',#1724,.T.);
#1857=FACE_BOUND('',#1725,.T.);
#1858=FACE_BOUND('',#1726,.T.);
#1859=FACE_BOUND('',#1727,.T.);
#1860=FACE_BOUND('',#1728,.T.);
#1861=FACE_BOUND('',#1729,.T.);
#1862=FACE_BOUND('',#1730,.T.);
#1863=FACE_BOUND('',#1731,.T.);
#1864=FACE_BOUND('',#1732,.T.);
#1865=FACE_BOUND('',#1733,.T.);
#1866=FACE_BOUND('',#1734,.T.);
#1867=FACE_BOUND('',#1735,.T.);
#1868=FACE_BOUND('',#1736,.T.);
#1869=FACE_BOUND('',#1737,.T.);
#1870=FACE_BOUND('',#1738,.T.);
#1871=FACE_BOUND('',#1739,.T.);
#1872=FACE_BOUND('',#1740,.T.);
#1873=FACE_BOUND('',#1741,.T.);
#1874=FACE_BOUND('',#1742,.T.);
#1875=FACE_BOUND('',#1743,.T.);
#1876=FACE_BOUND('',#1744,.T.);
#1877=FACE_BOUND('',#1745,.T.);
#1878=FACE_BOUND('',#1746,.T.);
#1879=FACE_BOUND('',#1747,.T.);
#1880=FACE_BOUND('',#1748,.T.);
#1881=FACE_BOUND('',#1749,.T.);
#1882=FACE_BOUND('',#1750,.T.);
#1883=FACE_BOUND('',#1751,.T.);
#1884=FACE_BOUND('',#1752,.T.);
#1885=FACE_BOUND('',#1753,.T.);
#1886=FACE_BOUND('',#1754,.T.);
#1887=FACE_BOUND('',#1755,.T.);
#1888=FACE_BOUND('',#1756,.T.);
#1889=FACE_BOUND('',#1757,.T.);
#1890=FACE_BOUND('',#1758,.T.);
#1891=FACE_BOUND('',#1759,.T.);
#1892=FACE_BOUND('',#1760,.T.);
#1893=FACE_BOUND('',#1761,.T.);
#1894=FACE_BOUND('',#1762,.T.);
#1895=FACE_BOUND('',#1763,.T.);
#1896=FACE_BOUND('',#1764,.T.);
#1897=FACE_BOUND('',#1765,.T.);
#1898=FACE_BOUND('',#1766,.T.);
#1899=FACE_BOUND('',#1767,.T.);
#1900=FACE_BOUND('',#1768,.T.);
#1901=FACE_BOUND('',#1769,.T.);
#1902=FACE_BOUND('',#1770,.T.);
#1903=FACE_BOUND('',#1771,.T.);
#1904=FACE_BOUND('',#1772,.T.);
#1905=FACE_BOUND('',#1773,.T.);
#1906=FACE_BOUND('',#1774,.T.);
#1907=FACE_BOUND('',#1775,.T.);
#1908=FACE_BOUND('',#1776,.T.);
#1909=FACE_BOUND('',#1777,.T.);
#1910=FACE_BOUND('',#1778,.T.);
#1911=FACE_BOUND('',#1779,.T.);
#1912=FACE_BOUND('',#1780,.T.);
#1913=FACE_BOUND('',#1781,.T.);
#1914=FACE_BOUND('',#1782,.T.);
#1915=FACE_BOUND('',#1783,.T.);
#1916=FACE_BOUND('',#1784,.T.);
#1917=FACE_BOUND('',#1785,.T.);
#1918=FACE_BOUND('',#1786,.T.);
#1919=FACE_BOUND('',#1787,.T.);
#1920=FACE_BOUND('',#1788,.T.);
#1921=FACE_BOUND('',#1789,.T.);
#1922=FACE_BOUND('',#1790,.T.);
#1923=FACE_BOUND('',#1791,.T.);
#1924=FACE_BOUND('',#1792,.T.);
#1925=FACE_BOUND('',#1793,.T.);
#1926=FACE_BOUND('',#1794,.T.);
#1927=FACE_BOUND('',#1795,.T.);
#1928=FACE_BOUND('',#1796,.T.);
#1929=FACE_BOUND('',#1797,.T.);
#1930=FACE_BOUND('',#1798,.T.);
#1931=FACE_BOUND('',#1799,.T.);
#1932=FACE_BOUND('',#1800,.T.);
#1933=FACE_BOUND('',#1801,.T.);
#1934=FACE_BOUND('',#1802,.T.);
#1935=FACE_BOUND('',#1803,.T.);
#1936=FACE_BOUND('',#1804,.T.);
#1937=FACE_BOUND('',#1805,.T.);
#1938=FACE_BOUND('',#1806,.T.);
#1939=FACE_BOUND('',#1807,.T.);
#1940=FACE_BOUND('',#1808,.T.);
#1941=FACE_BOUND('',#1809,.T.);
#1942=FACE_BOUND('',#1810,.T.);
#1943=FACE_BOUND('',#1811,.T.);
#1944=FACE_BOUND('',#1812,.T.);
#1945=FACE_BOUND('',#1813,.T.);
#1946=FACE_BOUND('',#1814,.T.);
#1947=FACE_BOUND('',#1815,.T.);
#1948=FACE_BOUND('',#1816,.T.);
#1949=FACE_BOUND('',#1817,.T.);
#1950=FACE_BOUND('',#1818,.T.);
#1951=FACE_BOUND('',#1819,.T.);
#1952=FACE_BOUND('',#1820,.T.);
#1953=FACE_BOUND('',#1821,.T.);
#1954=FACE_BOUND('',#1822,.T.);
#1955=FACE_BOUND('',#1823,.T.);
#1956=FACE_BOUND('',#1824,.T.);
#1957=FACE_BOUND('',#1825,.T.);
#1958=FACE_BOUND('',#1826,.T.);
#1959=FACE_BOUND('',#1827,.T.);
#1960=FACE_BOUND('',#1828,.T.);
#1961=FACE_BOUND('',#1829,.T.);
#1962=FACE_BOUND('',#1830,.T.);
#1963=FACE_BOUND('',#1831,.T.);
#1964=FACE_BOUND('',#1832,.T.);
#1965=FACE_BOUND('',#1833,.T.);
#1966=FACE_BOUND('',#1834,.T.);
#1967=CYLINDRICAL_SURFACE('',#2931,7.5);
#1968=CYLINDRICAL_SURFACE('',#2958,0.303750000000001);
#1969=CYLINDRICAL_SURFACE('',#2959,0.303750000000001);
#1970=CYLINDRICAL_SURFACE('',#2966,0.303750000000001);
#1971=CYLINDRICAL_SURFACE('',#2967,0.303750000000001);
#1972=CYLINDRICAL_SURFACE('',#2974,0.303750000000001);
#1973=CYLINDRICAL_SURFACE('',#2975,0.303750000000001);
#1974=CYLINDRICAL_SURFACE('',#2982,0.303750000000001);
#1975=CYLINDRICAL_SURFACE('',#2983,0.303750000000001);
#1976=CYLINDRICAL_SURFACE('',#2990,0.303750000000001);
#1977=CYLINDRICAL_SURFACE('',#2991,0.303750000000001);
#1978=CYLINDRICAL_SURFACE('',#2996,8.5);
#1979=CYLINDRICAL_SURFACE('',#3036,2.);
#1980=CYLINDRICAL_SURFACE('',#3040,2.);
#1981=CYLINDRICAL_SURFACE('',#3049,0.325);
#1982=CYLINDRICAL_SURFACE('',#3050,0.325);
#1983=CYLINDRICAL_SURFACE('',#3059,0.5);
#1984=CYLINDRICAL_SURFACE('',#3062,0.5);
#1985=CYLINDRICAL_SURFACE('',#3072,0.303750000000001);
#1986=CYLINDRICAL_SURFACE('',#3073,0.303750000000001);
#1987=CYLINDRICAL_SURFACE('',#3077,8.4);
#1988=CYLINDRICAL_SURFACE('',#3082,8.4);
#1989=CYLINDRICAL_SURFACE('',#3090,8.4);
#1990=CYLINDRICAL_SURFACE('',#3096,8.4);
#1991=CYLINDRICAL_SURFACE('',#3102,8.4);
#1992=CYLINDRICAL_SURFACE('',#3108,8.4);
#1993=CYLINDRICAL_SURFACE('',#3110,1.);
#1994=CYLINDRICAL_SURFACE('',#3128,0.75);
#1995=STYLED_ITEM('',(#2111),#2810);
#1996=STYLED_ITEM('',(#2112),#2811);
#1997=STYLED_ITEM('',(#2113),#2812);
#1998=STYLED_ITEM('',(#2114),#2813);
#1999=STYLED_ITEM('',(#2115),#2814);
#2000=STYLED_ITEM('',(#2116),#2815);
#2001=STYLED_ITEM('',(#2117),#2816);
#2002=STYLED_ITEM('',(#2118),#2817);
#2003=STYLED_ITEM('',(#2119),#2818);
#2004=STYLED_ITEM('',(#2120),#2819);
#2005=STYLED_ITEM('',(#2121),#2820);
#2006=STYLED_ITEM('',(#2122),#2821);
#2007=STYLED_ITEM('',(#2123),#2822);
#2008=STYLED_ITEM('',(#2124),#2823);
#2009=STYLED_ITEM('',(#2125),#2824);
#2010=STYLED_ITEM('',(#2126),#2825);
#2011=STYLED_ITEM('',(#2127),#2826);
#2012=STYLED_ITEM('',(#2128),#2827);
#2013=STYLED_ITEM('',(#2129),#2828);
#2014=STYLED_ITEM('',(#2130),#2829);
#2015=STYLED_ITEM('',(#2131),#2830);
#2016=STYLED_ITEM('',(#2132),#2831);
#2017=STYLED_ITEM('',(#2133),#2832);
#2018=STYLED_ITEM('',(#2134),#2833);
#2019=STYLED_ITEM('',(#2135),#2834);
#2020=STYLED_ITEM('',(#2136),#2835);
#2021=STYLED_ITEM('',(#2137),#2836);
#2022=STYLED_ITEM('',(#2138),#2837);
#2023=STYLED_ITEM('',(#2139),#2838);
#2024=STYLED_ITEM('',(#2140),#2839);
#2025=STYLED_ITEM('',(#2141),#2840);
#2026=STYLED_ITEM('',(#2142),#2841);
#2027=STYLED_ITEM('',(#2143),#2842);
#2028=STYLED_ITEM('',(#2144),#2843);
#2029=STYLED_ITEM('',(#2145),#2844);
#2030=STYLED_ITEM('',(#2146),#2845);
#2031=STYLED_ITEM('',(#2147),#2846);
#2032=STYLED_ITEM('',(#2148),#2847);
#2033=STYLED_ITEM('',(#2149),#2848);
#2034=STYLED_ITEM('',(#2150),#2849);
#2035=STYLED_ITEM('',(#2151),#2850);
#2036=STYLED_ITEM('',(#2152),#2851);
#2037=STYLED_ITEM('',(#2153),#2852);
#2038=STYLED_ITEM('',(#2154),#2853);
#2039=STYLED_ITEM('',(#2155),#2854);
#2040=STYLED_ITEM('',(#2156),#2855);
#2041=STYLED_ITEM('',(#2157),#2856);
#2042=STYLED_ITEM('',(#2158),#2857);
#2043=STYLED_ITEM('',(#2159),#2858);
#2044=STYLED_ITEM('',(#2160),#2859);
#2045=STYLED_ITEM('',(#2161),#2860);
#2046=STYLED_ITEM('',(#2162),#2861);
#2047=STYLED_ITEM('',(#2163),#2862);
#2048=STYLED_ITEM('',(#2164),#2863);
#2049=STYLED_ITEM('',(#2165),#2864);
#2050=STYLED_ITEM('',(#2166),#2865);
#2051=STYLED_ITEM('',(#2167),#2866);
#2052=STYLED_ITEM('',(#2168),#2867);
#2053=STYLED_ITEM('',(#2169),#2868);
#2054=STYLED_ITEM('',(#2170),#2869);
#2055=STYLED_ITEM('',(#2171),#2870);
#2056=STYLED_ITEM('',(#2172),#2871);
#2057=STYLED_ITEM('',(#2173),#2872);
#2058=STYLED_ITEM('',(#2174),#2873);
#2059=STYLED_ITEM('',(#2175),#2874);
#2060=STYLED_ITEM('',(#2176),#2875);
#2061=STYLED_ITEM('',(#2177),#2876);
#2062=STYLED_ITEM('',(#2178),#2877);
#2063=STYLED_ITEM('',(#2179),#2878);
#2064=STYLED_ITEM('',(#2180),#2879);
#2065=STYLED_ITEM('',(#2181),#2880);
#2066=STYLED_ITEM('',(#2182),#2881);
#2067=STYLED_ITEM('',(#2183),#2882);
#2068=STYLED_ITEM('',(#2184),#2883);
#2069=STYLED_ITEM('',(#2185),#2884);
#2070=STYLED_ITEM('',(#2186),#2885);
#2071=STYLED_ITEM('',(#2187),#2886);
#2072=STYLED_ITEM('',(#2188),#2887);
#2073=STYLED_ITEM('',(#2189),#2888);
#2074=STYLED_ITEM('',(#2190),#2889);
#2075=STYLED_ITEM('',(#2191),#2890);
#2076=STYLED_ITEM('',(#2192),#2891);
#2077=STYLED_ITEM('',(#2193),#2892);
#2078=STYLED_ITEM('',(#2194),#2893);
#2079=STYLED_ITEM('',(#2195),#2894);
#2080=STYLED_ITEM('',(#2196),#2895);
#2081=STYLED_ITEM('',(#2197),#2896);
#2082=STYLED_ITEM('',(#2198),#2897);
#2083=STYLED_ITEM('',(#2199),#2898);
#2084=STYLED_ITEM('',(#2200),#2899);
#2085=STYLED_ITEM('',(#2201),#2900);
#2086=STYLED_ITEM('',(#2202),#2901);
#2087=STYLED_ITEM('',(#2203),#2902);
#2088=STYLED_ITEM('',(#2204),#2903);
#2089=STYLED_ITEM('',(#2205),#2904);
#2090=STYLED_ITEM('',(#2206),#2905);
#2091=STYLED_ITEM('',(#2207),#2906);
#2092=STYLED_ITEM('',(#2208),#2907);
#2093=STYLED_ITEM('',(#2209),#2908);
#2094=STYLED_ITEM('',(#2210),#2909);
#2095=STYLED_ITEM('',(#2211),#2910);
#2096=STYLED_ITEM('',(#2212),#2911);
#2097=STYLED_ITEM('',(#2213),#2912);
#2098=STYLED_ITEM('',(#2214),#2913);
#2099=STYLED_ITEM('',(#2215),#2914);
#2100=STYLED_ITEM('',(#2216),#2915);
#2101=STYLED_ITEM('',(#2217),#2916);
#2102=STYLED_ITEM('',(#2218),#2917);
#2103=STYLED_ITEM('',(#2219),#2918);
#2104=STYLED_ITEM('',(#2220),#2919);
#2105=STYLED_ITEM('',(#2221),#2920);
#2106=STYLED_ITEM('',(#2222),#2921);
#2107=STYLED_ITEM('',(#2223),#2922);
#2108=STYLED_ITEM('',(#2224),#2923);
#2109=STYLED_ITEM('',(#2225),#2924);
#2110=STYLED_ITEM('',(#2226),#2925);
#2111=PRESENTATION_STYLE_ASSIGNMENT((#2227));
#2112=PRESENTATION_STYLE_ASSIGNMENT((#2228));
#2113=PRESENTATION_STYLE_ASSIGNMENT((#2229));
#2114=PRESENTATION_STYLE_ASSIGNMENT((#2230));
#2115=PRESENTATION_STYLE_ASSIGNMENT((#2231));
#2116=PRESENTATION_STYLE_ASSIGNMENT((#2232));
#2117=PRESENTATION_STYLE_ASSIGNMENT((#2233));
#2118=PRESENTATION_STYLE_ASSIGNMENT((#2234));
#2119=PRESENTATION_STYLE_ASSIGNMENT((#2235));
#2120=PRESENTATION_STYLE_ASSIGNMENT((#2236));
#2121=PRESENTATION_STYLE_ASSIGNMENT((#2237));
#2122=PRESENTATION_STYLE_ASSIGNMENT((#2238));
#2123=PRESENTATION_STYLE_ASSIGNMENT((#2239));
#2124=PRESENTATION_STYLE_ASSIGNMENT((#2240));
#2125=PRESENTATION_STYLE_ASSIGNMENT((#2241));
#2126=PRESENTATION_STYLE_ASSIGNMENT((#2242));
#2127=PRESENTATION_STYLE_ASSIGNMENT((#2243));
#2128=PRESENTATION_STYLE_ASSIGNMENT((#2244));
#2129=PRESENTATION_STYLE_ASSIGNMENT((#2245));
#2130=PRESENTATION_STYLE_ASSIGNMENT((#2246));
#2131=PRESENTATION_STYLE_ASSIGNMENT((#2247));
#2132=PRESENTATION_STYLE_ASSIGNMENT((#2248));
#2133=PRESENTATION_STYLE_ASSIGNMENT((#2249));
#2134=PRESENTATION_STYLE_ASSIGNMENT((#2250));
#2135=PRESENTATION_STYLE_ASSIGNMENT((#2251));
#2136=PRESENTATION_STYLE_ASSIGNMENT((#2252));
#2137=PRESENTATION_STYLE_ASSIGNMENT((#2253));
#2138=PRESENTATION_STYLE_ASSIGNMENT((#2254));
#2139=PRESENTATION_STYLE_ASSIGNMENT((#2255));
#2140=PRESENTATION_STYLE_ASSIGNMENT((#2256));
#2141=PRESENTATION_STYLE_ASSIGNMENT((#2257));
#2142=PRESENTATION_STYLE_ASSIGNMENT((#2258));
#2143=PRESENTATION_STYLE_ASSIGNMENT((#2259));
#2144=PRESENTATION_STYLE_ASSIGNMENT((#2260));
#2145=PRESENTATION_STYLE_ASSIGNMENT((#2261));
#2146=PRESENTATION_STYLE_ASSIGNMENT((#2262));
#2147=PRESENTATION_STYLE_ASSIGNMENT((#2263));
#2148=PRESENTATION_STYLE_ASSIGNMENT((#2264));
#2149=PRESENTATION_STYLE_ASSIGNMENT((#2265));
#2150=PRESENTATION_STYLE_ASSIGNMENT((#2266));
#2151=PRESENTATION_STYLE_ASSIGNMENT((#2267));
#2152=PRESENTATION_STYLE_ASSIGNMENT((#2268));
#2153=PRESENTATION_STYLE_ASSIGNMENT((#2269));
#2154=PRESENTATION_STYLE_ASSIGNMENT((#2270));
#2155=PRESENTATION_STYLE_ASSIGNMENT((#2271));
#2156=PRESENTATION_STYLE_ASSIGNMENT((#2272));
#2157=PRESENTATION_STYLE_ASSIGNMENT((#2273));
#2158=PRESENTATION_STYLE_ASSIGNMENT((#2274));
#2159=PRESENTATION_STYLE_ASSIGNMENT((#2275));
#2160=PRESENTATION_STYLE_ASSIGNMENT((#2276));
#2161=PRESENTATION_STYLE_ASSIGNMENT((#2277));
#2162=PRESENTATION_STYLE_ASSIGNMENT((#2278));
#2163=PRESENTATION_STYLE_ASSIGNMENT((#2279));
#2164=PRESENTATION_STYLE_ASSIGNMENT((#2280));
#2165=PRESENTATION_STYLE_ASSIGNMENT((#2281));
#2166=PRESENTATION_STYLE_ASSIGNMENT((#2282));
#2167=PRESENTATION_STYLE_ASSIGNMENT((#2283));
#2168=PRESENTATION_STYLE_ASSIGNMENT((#2284));
#2169=PRESENTATION_STYLE_ASSIGNMENT((#2285));
#2170=PRESENTATION_STYLE_ASSIGNMENT((#2286));
#2171=PRESENTATION_STYLE_ASSIGNMENT((#2287));
#2172=PRESENTATION_STYLE_ASSIGNMENT((#2288));
#2173=PRESENTATION_STYLE_ASSIGNMENT((#2289));
#2174=PRESENTATION_STYLE_ASSIGNMENT((#2290));
#2175=PRESENTATION_STYLE_ASSIGNMENT((#2291));
#2176=PRESENTATION_STYLE_ASSIGNMENT((#2292));
#2177=PRESENTATION_STYLE_ASSIGNMENT((#2293));
#2178=PRESENTATION_STYLE_ASSIGNMENT((#2294));
#2179=PRESENTATION_STYLE_ASSIGNMENT((#2295));
#2180=PRESENTATION_STYLE_ASSIGNMENT((#2296));
#2181=PRESENTATION_STYLE_ASSIGNMENT((#2297));
#2182=PRESENTATION_STYLE_ASSIGNMENT((#2298));
#2183=PRESENTATION_STYLE_ASSIGNMENT((#2299));
#2184=PRESENTATION_STYLE_ASSIGNMENT((#2300));
#2185=PRESENTATION_STYLE_ASSIGNMENT((#2301));
#2186=PRESENTATION_STYLE_ASSIGNMENT((#2302));
#2187=PRESENTATION_STYLE_ASSIGNMENT((#2303));
#2188=PRESENTATION_STYLE_ASSIGNMENT((#2304));
#2189=PRESENTATION_STYLE_ASSIGNMENT((#2305));
#2190=PRESENTATION_STYLE_ASSIGNMENT((#2306));
#2191=PRESENTATION_STYLE_ASSIGNMENT((#2307));
#2192=PRESENTATION_STYLE_ASSIGNMENT((#2308));
#2193=PRESENTATION_STYLE_ASSIGNMENT((#2309));
#2194=PRESENTATION_STYLE_ASSIGNMENT((#2310));
#2195=PRESENTATION_STYLE_ASSIGNMENT((#2311));
#2196=PRESENTATION_STYLE_ASSIGNMENT((#2312));
#2197=PRESENTATION_STYLE_ASSIGNMENT((#2313));
#2198=PRESENTATION_STYLE_ASSIGNMENT((#2314));
#2199=PRESENTATION_STYLE_ASSIGNMENT((#2315));
#2200=PRESENTATION_STYLE_ASSIGNMENT((#2316));
#2201=PRESENTATION_STYLE_ASSIGNMENT((#2317));
#2202=PRESENTATION_STYLE_ASSIGNMENT((#2318));
#2203=PRESENTATION_STYLE_ASSIGNMENT((#2319));
#2204=PRESENTATION_STYLE_ASSIGNMENT((#2320));
#2205=PRESENTATION_STYLE_ASSIGNMENT((#2321));
#2206=PRESENTATION_STYLE_ASSIGNMENT((#2322));
#2207=PRESENTATION_STYLE_ASSIGNMENT((#2323));
#2208=PRESENTATION_STYLE_ASSIGNMENT((#2324));
#2209=PRESENTATION_STYLE_ASSIGNMENT((#2325));
#2210=PRESENTATION_STYLE_ASSIGNMENT((#2326));
#2211=PRESENTATION_STYLE_ASSIGNMENT((#2327));
#2212=PRESENTATION_STYLE_ASSIGNMENT((#2328));
#2213=PRESENTATION_STYLE_ASSIGNMENT((#2329));
#2214=PRESENTATION_STYLE_ASSIGNMENT((#2330));
#2215=PRESENTATION_STYLE_ASSIGNMENT((#2331));
#2216=PRESENTATION_STYLE_ASSIGNMENT((#2332));
#2217=PRESENTATION_STYLE_ASSIGNMENT((#2333));
#2218=PRESENTATION_STYLE_ASSIGNMENT((#2334));
#2219=PRESENTATION_STYLE_ASSIGNMENT((#2335));
#2220=PRESENTATION_STYLE_ASSIGNMENT((#2336));
#2221=PRESENTATION_STYLE_ASSIGNMENT((#2337));
#2222=PRESENTATION_STYLE_ASSIGNMENT((#2338));
#2223=PRESENTATION_STYLE_ASSIGNMENT((#2339));
#2224=PRESENTATION_STYLE_ASSIGNMENT((#2340));
#2225=PRESENTATION_STYLE_ASSIGNMENT((#2341));
#2226=PRESENTATION_STYLE_ASSIGNMENT((#2342));
#2227=SURFACE_STYLE_USAGE(.BOTH.,#2343);
#2228=SURFACE_STYLE_USAGE(.BOTH.,#2344);
#2229=SURFACE_STYLE_USAGE(.BOTH.,#2345);
#2230=SURFACE_STYLE_USAGE(.BOTH.,#2346);
#2231=SURFACE_STYLE_USAGE(.BOTH.,#2347);
#2232=SURFACE_STYLE_USAGE(.BOTH.,#2348);
#2233=SURFACE_STYLE_USAGE(.BOTH.,#2349);
#2234=SURFACE_STYLE_USAGE(.BOTH.,#2350);
#2235=SURFACE_STYLE_USAGE(.BOTH.,#2351);
#2236=SURFACE_STYLE_USAGE(.BOTH.,#2352);
#2237=SURFACE_STYLE_USAGE(.BOTH.,#2353);
#2238=SURFACE_STYLE_USAGE(.BOTH.,#2354);
#2239=SURFACE_STYLE_USAGE(.BOTH.,#2355);
#2240=SURFACE_STYLE_USAGE(.BOTH.,#2356);
#2241=SURFACE_STYLE_USAGE(.BOTH.,#2357);
#2242=SURFACE_STYLE_USAGE(.BOTH.,#2358);
#2243=SURFACE_STYLE_USAGE(.BOTH.,#2359);
#2244=SURFACE_STYLE_USAGE(.BOTH.,#2360);
#2245=SURFACE_STYLE_USAGE(.BOTH.,#2361);
#2246=SURFACE_STYLE_USAGE(.BOTH.,#2362);
#2247=SURFACE_STYLE_USAGE(.BOTH.,#2363);
#2248=SURFACE_STYLE_USAGE(.BOTH.,#2364);
#2249=SURFACE_STYLE_USAGE(.BOTH.,#2365);
#2250=SURFACE_STYLE_USAGE(.BOTH.,#2366);
#2251=SURFACE_STYLE_USAGE(.BOTH.,#2367);
#2252=SURFACE_STYLE_USAGE(.BOTH.,#2368);
#2253=SURFACE_STYLE_USAGE(.BOTH.,#2369);
#2254=SURFACE_STYLE_USAGE(.BOTH.,#2370);
#2255=SURFACE_STYLE_USAGE(.BOTH.,#2371);
#2256=SURFACE_STYLE_USAGE(.BOTH.,#2372);
#2257=SURFACE_STYLE_USAGE(.BOTH.,#2373);
#2258=SURFACE_STYLE_USAGE(.BOTH.,#2374);
#2259=SURFACE_STYLE_USAGE(.BOTH.,#2375);
#2260=SURFACE_STYLE_USAGE(.BOTH.,#2376);
#2261=SURFACE_STYLE_USAGE(.BOTH.,#2377);
#2262=SURFACE_STYLE_USAGE(.BOTH.,#2378);
#2263=SURFACE_STYLE_USAGE(.BOTH.,#2379);
#2264=SURFACE_STYLE_USAGE(.BOTH.,#2380);
#2265=SURFACE_STYLE_USAGE(.BOTH.,#2381);
#2266=SURFACE_STYLE_USAGE(.BOTH.,#2382);
#2267=SURFACE_STYLE_USAGE(.BOTH.,#2383);
#2268=SURFACE_STYLE_USAGE(.BOTH.,#2384);
#2269=SURFACE_STYLE_USAGE(.BOTH.,#2385);
#2270=SURFACE_STYLE_USAGE(.BOTH.,#2386);
#2271=SURFACE_STYLE_USAGE(.BOTH.,#2387);
#2272=SURFACE_STYLE_USAGE(.BOTH.,#2388);
#2273=SURFACE_STYLE_USAGE(.BOTH.,#2389);
#2274=SURFACE_STYLE_USAGE(.BOTH.,#2390);
#2275=SURFACE_STYLE_USAGE(.BOTH.,#2391);
#2276=SURFACE_STYLE_USAGE(.BOTH.,#2392);
#2277=SURFACE_STYLE_USAGE(.BOTH.,#2393);
#2278=SURFACE_STYLE_USAGE(.BOTH.,#2394);
#2279=SURFACE_STYLE_USAGE(.BOTH.,#2395);
#2280=SURFACE_STYLE_USAGE(.BOTH.,#2396);
#2281=SURFACE_STYLE_USAGE(.BOTH.,#2397);
#2282=SURFACE_STYLE_USAGE(.BOTH.,#2398);
#2283=SURFACE_STYLE_USAGE(.BOTH.,#2399);
#2284=SURFACE_STYLE_USAGE(.BOTH.,#2400);
#2285=SURFACE_STYLE_USAGE(.BOTH.,#2401);
#2286=SURFACE_STYLE_USAGE(.BOTH.,#2402);
#2287=SURFACE_STYLE_USAGE(.BOTH.,#2403);
#2288=SURFACE_STYLE_USAGE(.BOTH.,#2404);
#2289=SURFACE_STYLE_USAGE(.BOTH.,#2405);
#2290=SURFACE_STYLE_USAGE(.BOTH.,#2406);
#2291=SURFACE_STYLE_USAGE(.BOTH.,#2407);
#2292=SURFACE_STYLE_USAGE(.BOTH.,#2408);
#2293=SURFACE_STYLE_USAGE(.BOTH.,#2409);
#2294=SURFACE_STYLE_USAGE(.BOTH.,#2410);
#2295=SURFACE_STYLE_USAGE(.BOTH.,#2411);
#2296=SURFACE_STYLE_USAGE(.BOTH.,#2412);
#2297=SURFACE_STYLE_USAGE(.BOTH.,#2413);
#2298=SURFACE_STYLE_USAGE(.BOTH.,#2414);
#2299=SURFACE_STYLE_USAGE(.BOTH.,#2415);
#2300=SURFACE_STYLE_USAGE(.BOTH.,#2416);
#2301=SURFACE_STYLE_USAGE(.BOTH.,#2417);
#2302=SURFACE_STYLE_USAGE(.BOTH.,#2418);
#2303=SURFACE_STYLE_USAGE(.BOTH.,#2419);
#2304=SURFACE_STYLE_USAGE(.BOTH.,#2420);
#2305=SURFACE_STYLE_USAGE(.BOTH.,#2421);
#2306=SURFACE_STYLE_USAGE(.BOTH.,#2422);
#2307=SURFACE_STYLE_USAGE(.BOTH.,#2423);
#2308=SURFACE_STYLE_USAGE(.BOTH.,#2424);
#2309=SURFACE_STYLE_USAGE(.BOTH.,#2425);
#2310=SURFACE_STYLE_USAGE(.BOTH.,#2426);
#2311=SURFACE_STYLE_USAGE(.BOTH.,#2427);
#2312=SURFACE_STYLE_USAGE(.BOTH.,#2428);
#2313=SURFACE_STYLE_USAGE(.BOTH.,#2429);
#2314=SURFACE_STYLE_USAGE(.BOTH.,#2430);
#2315=SURFACE_STYLE_USAGE(.BOTH.,#2431);
#2316=SURFACE_STYLE_USAGE(.BOTH.,#2432);
#2317=SURFACE_STYLE_USAGE(.BOTH.,#2433);
#2318=SURFACE_STYLE_USAGE(.BOTH.,#2434);
#2319=SURFACE_STYLE_USAGE(.BOTH.,#2435);
#2320=SURFACE_STYLE_USAGE(.BOTH.,#2436);
#2321=SURFACE_STYLE_USAGE(.BOTH.,#2437);
#2322=SURFACE_STYLE_USAGE(.BOTH.,#2438);
#2323=SURFACE_STYLE_USAGE(.BOTH.,#2439);
#2324=SURFACE_STYLE_USAGE(.BOTH.,#2440);
#2325=SURFACE_STYLE_USAGE(.BOTH.,#2441);
#2326=SURFACE_STYLE_USAGE(.BOTH.,#2442);
#2327=SURFACE_STYLE_USAGE(.BOTH.,#2443);
#2328=SURFACE_STYLE_USAGE(.BOTH.,#2444);
#2329=SURFACE_STYLE_USAGE(.BOTH.,#2445);
#2330=SURFACE_STYLE_USAGE(.BOTH.,#2446);
#2331=SURFACE_STYLE_USAGE(.BOTH.,#2447);
#2332=SURFACE_STYLE_USAGE(.BOTH.,#2448);
#2333=SURFACE_STYLE_USAGE(.BOTH.,#2449);
#2334=SURFACE_STYLE_USAGE(.BOTH.,#2450);
#2335=SURFACE_STYLE_USAGE(.BOTH.,#2451);
#2336=SURFACE_STYLE_USAGE(.BOTH.,#2452);
#2337=SURFACE_STYLE_USAGE(.BOTH.,#2453);
#2338=SURFACE_STYLE_USAGE(.BOTH.,#2454);
#2339=SURFACE_STYLE_USAGE(.BOTH.,#2455);
#2340=SURFACE_STYLE_USAGE(.BOTH.,#2456);
#2341=SURFACE_STYLE_USAGE(.BOTH.,#2457);
#2342=SURFACE_STYLE_USAGE(.BOTH.,#2458);
#2343=SURFACE_SIDE_STYLE('',(#2459));
#2344=SURFACE_SIDE_STYLE('',(#2460));
#2345=SURFACE_SIDE_STYLE('',(#2461));
#2346=SURFACE_SIDE_STYLE('',(#2462));
#2347=SURFACE_SIDE_STYLE('',(#2463));
#2348=SURFACE_SIDE_STYLE('',(#2464));
#2349=SURFACE_SIDE_STYLE('',(#2465));
#2350=SURFACE_SIDE_STYLE('',(#2466));
#2351=SURFACE_SIDE_STYLE('',(#2467));
#2352=SURFACE_SIDE_STYLE('',(#2468));
#2353=SURFACE_SIDE_STYLE('',(#2469));
#2354=SURFACE_SIDE_STYLE('',(#2470));
#2355=SURFACE_SIDE_STYLE('',(#2471));
#2356=SURFACE_SIDE_STYLE('',(#2472));
#2357=SURFACE_SIDE_STYLE('',(#2473));
#2358=SURFACE_SIDE_STYLE('',(#2474));
#2359=SURFACE_SIDE_STYLE('',(#2475));
#2360=SURFACE_SIDE_STYLE('',(#2476));
#2361=SURFACE_SIDE_STYLE('',(#2477));
#2362=SURFACE_SIDE_STYLE('',(#2478));
#2363=SURFACE_SIDE_STYLE('',(#2479));
#2364=SURFACE_SIDE_STYLE('',(#2480));
#2365=SURFACE_SIDE_STYLE('',(#2481));
#2366=SURFACE_SIDE_STYLE('',(#2482));
#2367=SURFACE_SIDE_STYLE('',(#2483));
#2368=SURFACE_SIDE_STYLE('',(#2484));
#2369=SURFACE_SIDE_STYLE('',(#2485));
#2370=SURFACE_SIDE_STYLE('',(#2486));
#2371=SURFACE_SIDE_STYLE('',(#2487));
#2372=SURFACE_SIDE_STYLE('',(#2488));
#2373=SURFACE_SIDE_STYLE('',(#2489));
#2374=SURFACE_SIDE_STYLE('',(#2490));
#2375=SURFACE_SIDE_STYLE('',(#2491));
#2376=SURFACE_SIDE_STYLE('',(#2492));
#2377=SURFACE_SIDE_STYLE('',(#2493));
#2378=SURFACE_SIDE_STYLE('',(#2494));
#2379=SURFACE_SIDE_STYLE('',(#2495));
#2380=SURFACE_SIDE_STYLE('',(#2496));
#2381=SURFACE_SIDE_STYLE('',(#2497));
#2382=SURFACE_SIDE_STYLE('',(#2498));
#2383=SURFACE_SIDE_STYLE('',(#2499));
#2384=SURFACE_SIDE_STYLE('',(#2500));
#2385=SURFACE_SIDE_STYLE('',(#2501));
#2386=SURFACE_SIDE_STYLE('',(#2502));
#2387=SURFACE_SIDE_STYLE('',(#2503));
#2388=SURFACE_SIDE_STYLE('',(#2504));
#2389=SURFACE_SIDE_STYLE('',(#2505));
#2390=SURFACE_SIDE_STYLE('',(#2506));
#2391=SURFACE_SIDE_STYLE('',(#2507));
#2392=SURFACE_SIDE_STYLE('',(#2508));
#2393=SURFACE_SIDE_STYLE('',(#2509));
#2394=SURFACE_SIDE_STYLE('',(#2510));
#2395=SURFACE_SIDE_STYLE('',(#2511));
#2396=SURFACE_SIDE_STYLE('',(#2512));
#2397=SURFACE_SIDE_STYLE('',(#2513));
#2398=SURFACE_SIDE_STYLE('',(#2514));
#2399=SURFACE_SIDE_STYLE('',(#2515));
#2400=SURFACE_SIDE_STYLE('',(#2516));
#2401=SURFACE_SIDE_STYLE('',(#2517));
#2402=SURFACE_SIDE_STYLE('',(#2518));
#2403=SURFACE_SIDE_STYLE('',(#2519));
#2404=SURFACE_SIDE_STYLE('',(#2520));
#2405=SURFACE_SIDE_STYLE('',(#2521));
#2406=SURFACE_SIDE_STYLE('',(#2522));
#2407=SURFACE_SIDE_STYLE('',(#2523));
#2408=SURFACE_SIDE_STYLE('',(#2524));
#2409=SURFACE_SIDE_STYLE('',(#2525));
#2410=SURFACE_SIDE_STYLE('',(#2526));
#2411=SURFACE_SIDE_STYLE('',(#2527));
#2412=SURFACE_SIDE_STYLE('',(#2528));
#2413=SURFACE_SIDE_STYLE('',(#2529));
#2414=SURFACE_SIDE_STYLE('',(#2530));
#2415=SURFACE_SIDE_STYLE('',(#2531));
#2416=SURFACE_SIDE_STYLE('',(#2532));
#2417=SURFACE_SIDE_STYLE('',(#2533));
#2418=SURFACE_SIDE_STYLE('',(#2534));
#2419=SURFACE_SIDE_STYLE('',(#2535));
#2420=SURFACE_SIDE_STYLE('',(#2536));
#2421=SURFACE_SIDE_STYLE('',(#2537));
#2422=SURFACE_SIDE_STYLE('',(#2538));
#2423=SURFACE_SIDE_STYLE('',(#2539));
#2424=SURFACE_SIDE_STYLE('',(#2540));
#2425=SURFACE_SIDE_STYLE('',(#2541));
#2426=SURFACE_SIDE_STYLE('',(#2542));
#2427=SURFACE_SIDE_STYLE('',(#2543));
#2428=SURFACE_SIDE_STYLE('',(#2544));
#2429=SURFACE_SIDE_STYLE('',(#2545));
#2430=SURFACE_SIDE_STYLE('',(#2546));
#2431=SURFACE_SIDE_STYLE('',(#2547));
#2432=SURFACE_SIDE_STYLE('',(#2548));
#2433=SURFACE_SIDE_STYLE('',(#2549));
#2434=SURFACE_SIDE_STYLE('',(#2550));
#2435=SURFACE_SIDE_STYLE('',(#2551));
#2436=SURFACE_SIDE_STYLE('',(#2552));
#2437=SURFACE_SIDE_STYLE('',(#2553));
#2438=SURFACE_SIDE_STYLE('',(#2554));
#2439=SURFACE_SIDE_STYLE('',(#2555));
#2440=SURFACE_SIDE_STYLE('',(#2556));
#2441=SURFACE_SIDE_STYLE('',(#2557));
#2442=SURFACE_SIDE_STYLE('',(#2558));
#2443=SURFACE_SIDE_STYLE('',(#2559));
#2444=SURFACE_SIDE_STYLE('',(#2560));
#2445=SURFACE_SIDE_STYLE('',(#2561));
#2446=SURFACE_SIDE_STYLE('',(#2562));
#2447=SURFACE_SIDE_STYLE('',(#2563));
#2448=SURFACE_SIDE_STYLE('',(#2564));
#2449=SURFACE_SIDE_STYLE('',(#2565));
#2450=SURFACE_SIDE_STYLE('',(#2566));
#2451=SURFACE_SIDE_STYLE('',(#2567));
#2452=SURFACE_SIDE_STYLE('',(#2568));
#2453=SURFACE_SIDE_STYLE('',(#2569));
#2454=SURFACE_SIDE_STYLE('',(#2570));
#2455=SURFACE_SIDE_STYLE('',(#2571));
#2456=SURFACE_SIDE_STYLE('',(#2572));
#2457=SURFACE_SIDE_STYLE('',(#2573));
#2458=SURFACE_SIDE_STYLE('',(#2574));
#2459=SURFACE_STYLE_FILL_AREA(#2575);
#2460=SURFACE_STYLE_FILL_AREA(#2576);
#2461=SURFACE_STYLE_FILL_AREA(#2577);
#2462=SURFACE_STYLE_FILL_AREA(#2578);
#2463=SURFACE_STYLE_FILL_AREA(#2579);
#2464=SURFACE_STYLE_FILL_AREA(#2580);
#2465=SURFACE_STYLE_FILL_AREA(#2581);
#2466=SURFACE_STYLE_FILL_AREA(#2582);
#2467=SURFACE_STYLE_FILL_AREA(#2583);
#2468=SURFACE_STYLE_FILL_AREA(#2584);
#2469=SURFACE_STYLE_FILL_AREA(#2585);
#2470=SURFACE_STYLE_FILL_AREA(#2586);
#2471=SURFACE_STYLE_FILL_AREA(#2587);
#2472=SURFACE_STYLE_FILL_AREA(#2588);
#2473=SURFACE_STYLE_FILL_AREA(#2589);
#2474=SURFACE_STYLE_FILL_AREA(#2590);
#2475=SURFACE_STYLE_FILL_AREA(#2591);
#2476=SURFACE_STYLE_FILL_AREA(#2592);
#2477=SURFACE_STYLE_FILL_AREA(#2593);
#2478=SURFACE_STYLE_FILL_AREA(#2594);
#2479=SURFACE_STYLE_FILL_AREA(#2595);
#2480=SURFACE_STYLE_FILL_AREA(#2596);
#2481=SURFACE_STYLE_FILL_AREA(#2597);
#2482=SURFACE_STYLE_FILL_AREA(#2598);
#2483=SURFACE_STYLE_FILL_AREA(#2599);
#2484=SURFACE_STYLE_FILL_AREA(#2600);
#2485=SURFACE_STYLE_FILL_AREA(#2601);
#2486=SURFACE_STYLE_FILL_AREA(#2602);
#2487=SURFACE_STYLE_FILL_AREA(#2603);
#2488=SURFACE_STYLE_FILL_AREA(#2604);
#2489=SURFACE_STYLE_FILL_AREA(#2605);
#2490=SURFACE_STYLE_FILL_AREA(#2606);
#2491=SURFACE_STYLE_FILL_AREA(#2607);
#2492=SURFACE_STYLE_FILL_AREA(#2608);
#2493=SURFACE_STYLE_FILL_AREA(#2609);
#2494=SURFACE_STYLE_FILL_AREA(#2610);
#2495=SURFACE_STYLE_FILL_AREA(#2611);
#2496=SURFACE_STYLE_FILL_AREA(#2612);
#2497=SURFACE_STYLE_FILL_AREA(#2613);
#2498=SURFACE_STYLE_FILL_AREA(#2614);
#2499=SURFACE_STYLE_FILL_AREA(#2615);
#2500=SURFACE_STYLE_FILL_AREA(#2616);
#2501=SURFACE_STYLE_FILL_AREA(#2617);
#2502=SURFACE_STYLE_FILL_AREA(#2618);
#2503=SURFACE_STYLE_FILL_AREA(#2619);
#2504=SURFACE_STYLE_FILL_AREA(#2620);
#2505=SURFACE_STYLE_FILL_AREA(#2621);
#2506=SURFACE_STYLE_FILL_AREA(#2622);
#2507=SURFACE_STYLE_FILL_AREA(#2623);
#2508=SURFACE_STYLE_FILL_AREA(#2624);
#2509=SURFACE_STYLE_FILL_AREA(#2625);
#2510=SURFACE_STYLE_FILL_AREA(#2626);
#2511=SURFACE_STYLE_FILL_AREA(#2627);
#2512=SURFACE_STYLE_FILL_AREA(#2628);
#2513=SURFACE_STYLE_FILL_AREA(#2629);
#2514=SURFACE_STYLE_FILL_AREA(#2630);
#2515=SURFACE_STYLE_FILL_AREA(#2631);
#2516=SURFACE_STYLE_FILL_AREA(#2632);
#2517=SURFACE_STYLE_FILL_AREA(#2633);
#2518=SURFACE_STYLE_FILL_AREA(#2634);
#2519=SURFACE_STYLE_FILL_AREA(#2635);
#2520=SURFACE_STYLE_FILL_AREA(#2636);
#2521=SURFACE_STYLE_FILL_AREA(#2637);
#2522=SURFACE_STYLE_FILL_AREA(#2638);
#2523=SURFACE_STYLE_FILL_AREA(#2639);
#2524=SURFACE_STYLE_FILL_AREA(#2640);
#2525=SURFACE_STYLE_FILL_AREA(#2641);
#2526=SURFACE_STYLE_FILL_AREA(#2642);
#2527=SURFACE_STYLE_FILL_AREA(#2643);
#2528=SURFACE_STYLE_FILL_AREA(#2644);
#2529=SURFACE_STYLE_FILL_AREA(#2645);
#2530=SURFACE_STYLE_FILL_AREA(#2646);
#2531=SURFACE_STYLE_FILL_AREA(#2647);
#2532=SURFACE_STYLE_FILL_AREA(#2648);
#2533=SURFACE_STYLE_FILL_AREA(#2649);
#2534=SURFACE_STYLE_FILL_AREA(#2650);
#2535=SURFACE_STYLE_FILL_AREA(#2651);
#2536=SURFACE_STYLE_FILL_AREA(#2652);
#2537=SURFACE_STYLE_FILL_AREA(#2653);
#2538=SURFACE_STYLE_FILL_AREA(#2654);
#2539=SURFACE_STYLE_FILL_AREA(#2655);
#2540=SURFACE_STYLE_FILL_AREA(#2656);
#2541=SURFACE_STYLE_FILL_AREA(#2657);
#2542=SURFACE_STYLE_FILL_AREA(#2658);
#2543=SURFACE_STYLE_FILL_AREA(#2659);
#2544=SURFACE_STYLE_FILL_AREA(#2660);
#2545=SURFACE_STYLE_FILL_AREA(#2661);
#2546=SURFACE_STYLE_FILL_AREA(#2662);
#2547=SURFACE_STYLE_FILL_AREA(#2663);
#2548=SURFACE_STYLE_FILL_AREA(#2664);
#2549=SURFACE_STYLE_FILL_AREA(#2665);
#2550=SURFACE_STYLE_FILL_AREA(#2666);
#2551=SURFACE_STYLE_FILL_AREA(#2667);
#2552=SURFACE_STYLE_FILL_AREA(#2668);
#2553=SURFACE_STYLE_FILL_AREA(#2669);
#2554=SURFACE_STYLE_FILL_AREA(#2670);
#2555=SURFACE_STYLE_FILL_AREA(#2671);
#2556=SURFACE_STYLE_FILL_AREA(#2672);
#2557=SURFACE_STYLE_FILL_AREA(#2673);
#2558=SURFACE_STYLE_FILL_AREA(#2674);
#2559=SURFACE_STYLE_FILL_AREA(#2675);
#2560=SURFACE_STYLE_FILL_AREA(#2676);
#2561=SURFACE_STYLE_FILL_AREA(#2677);
#2562=SURFACE_STYLE_FILL_AREA(#2678);
#2563=SURFACE_STYLE_FILL_AREA(#2679);
#2564=SURFACE_STYLE_FILL_AREA(#2680);
#2565=SURFACE_STYLE_FILL_AREA(#2681);
#2566=SURFACE_STYLE_FILL_AREA(#2682);
#2567=SURFACE_STYLE_FILL_AREA(#2683);
#2568=SURFACE_STYLE_FILL_AREA(#2684);
#2569=SURFACE_STYLE_FILL_AREA(#2685);
#2570=SURFACE_STYLE_FILL_AREA(#2686);
#2571=SURFACE_STYLE_FILL_AREA(#2687);
#2572=SURFACE_STYLE_FILL_AREA(#2688);
#2573=SURFACE_STYLE_FILL_AREA(#2689);
#2574=SURFACE_STYLE_FILL_AREA(#2690);
#2575=FILL_AREA_STYLE('',(#2691));
#2576=FILL_AREA_STYLE('',(#2692));
#2577=FILL_AREA_STYLE('',(#2693));
#2578=FILL_AREA_STYLE('',(#2694));
#2579=FILL_AREA_STYLE('',(#2695));
#2580=FILL_AREA_STYLE('',(#2696));
#2581=FILL_AREA_STYLE('',(#2697));
#2582=FILL_AREA_STYLE('',(#2698));
#2583=FILL_AREA_STYLE('',(#2699));
#2584=FILL_AREA_STYLE('',(#2700));
#2585=FILL_AREA_STYLE('',(#2701));
#2586=FILL_AREA_STYLE('',(#2702));
#2587=FILL_AREA_STYLE('',(#2703));
#2588=FILL_AREA_STYLE('',(#2704));
#2589=FILL_AREA_STYLE('',(#2705));
#2590=FILL_AREA_STYLE('',(#2706));
#2591=FILL_AREA_STYLE('',(#2707));
#2592=FILL_AREA_STYLE('',(#2708));
#2593=FILL_AREA_STYLE('',(#2709));
#2594=FILL_AREA_STYLE('',(#2710));
#2595=FILL_AREA_STYLE('',(#2711));
#2596=FILL_AREA_STYLE('',(#2712));
#2597=FILL_AREA_STYLE('',(#2713));
#2598=FILL_AREA_STYLE('',(#2714));
#2599=FILL_AREA_STYLE('',(#2715));
#2600=FILL_AREA_STYLE('',(#2716));
#2601=FILL_AREA_STYLE('',(#2717));
#2602=FILL_AREA_STYLE('',(#2718));
#2603=FILL_AREA_STYLE('',(#2719));
#2604=FILL_AREA_STYLE('',(#2720));
#2605=FILL_AREA_STYLE('',(#2721));
#2606=FILL_AREA_STYLE('',(#2722));
#2607=FILL_AREA_STYLE('',(#2723));
#2608=FILL_AREA_STYLE('',(#2724));
#2609=FILL_AREA_STYLE('',(#2725));
#2610=FILL_AREA_STYLE('',(#2726));
#2611=FILL_AREA_STYLE('',(#2727));
#2612=FILL_AREA_STYLE('',(#2728));
#2613=FILL_AREA_STYLE('',(#2729));
#2614=FILL_AREA_STYLE('',(#2730));
#2615=FILL_AREA_STYLE('',(#2731));
#2616=FILL_AREA_STYLE('',(#2732));
#2617=FILL_AREA_STYLE('',(#2733));
#2618=FILL_AREA_STYLE('',(#2734));
#2619=FILL_AREA_STYLE('',(#2735));
#2620=FILL_AREA_STYLE('',(#2736));
#2621=FILL_AREA_STYLE('',(#2737));
#2622=FILL_AREA_STYLE('',(#2738));
#2623=FILL_AREA_STYLE('',(#2739));
#2624=FILL_AREA_STYLE('',(#2740));
#2625=FILL_AREA_STYLE('',(#2741));
#2626=FILL_AREA_STYLE('',(#2742));
#2627=FILL_AREA_STYLE('',(#2743));
#2628=FILL_AREA_STYLE('',(#2744));
#2629=FILL_AREA_STYLE('',(#2745));
#2630=FILL_AREA_STYLE('',(#2746));
#2631=FILL_AREA_STYLE('',(#2747));
#2632=FILL_AREA_STYLE('',(#2748));
#2633=FILL_AREA_STYLE('',(#2749));
#2634=FILL_AREA_STYLE('',(#2750));
#2635=FILL_AREA_STYLE('',(#2751));
#2636=FILL_AREA_STYLE('',(#2752));
#2637=FILL_AREA_STYLE('',(#2753));
#2638=FILL_AREA_STYLE('',(#2754));
#2639=FILL_AREA_STYLE('',(#2755));
#2640=FILL_AREA_STYLE('',(#2756));
#2641=FILL_AREA_STYLE('',(#2757));
#2642=FILL_AREA_STYLE('',(#2758));
#2643=FILL_AREA_STYLE('',(#2759));
#2644=FILL_AREA_STYLE('',(#2760));
#2645=FILL_AREA_STYLE('',(#2761));
#2646=FILL_AREA_STYLE('',(#2762));
#2647=FILL_AREA_STYLE('',(#2763));
#2648=FILL_AREA_STYLE('',(#2764));
#2649=FILL_AREA_STYLE('',(#2765));
#2650=FILL_AREA_STYLE('',(#2766));
#2651=FILL_AREA_STYLE('',(#2767));
#2652=FILL_AREA_STYLE('',(#2768));
#2653=FILL_AREA_STYLE('',(#2769));
#2654=FILL_AREA_STYLE('',(#2770));
#2655=FILL_AREA_STYLE('',(#2771));
#2656=FILL_AREA_STYLE('',(#2772));
#2657=FILL_AREA_STYLE('',(#2773));
#2658=FILL_AREA_STYLE('',(#2774));
#2659=FILL_AREA_STYLE('',(#2775));
#2660=FILL_AREA_STYLE('',(#2776));
#2661=FILL_AREA_STYLE('',(#2777));
#2662=FILL_AREA_STYLE('',(#2778));
#2663=FILL_AREA_STYLE('',(#2779));
#2664=FILL_AREA_STYLE('',(#2780));
#2665=FILL_AREA_STYLE('',(#2781));
#2666=FILL_AREA_STYLE('',(#2782));
#2667=FILL_AREA_STYLE('',(#2783));
#2668=FILL_AREA_STYLE('',(#2784));
#2669=FILL_AREA_STYLE('',(#2785));
#2670=FILL_AREA_STYLE('',(#2786));
#2671=FILL_AREA_STYLE('',(#2787));
#2672=FILL_AREA_STYLE('',(#2788));
#2673=FILL_AREA_STYLE('',(#2789));
#2674=FILL_AREA_STYLE('',(#2790));
#2675=FILL_AREA_STYLE('',(#2791));
#2676=FILL_AREA_STYLE('',(#2792));
#2677=FILL_AREA_STYLE('',(#2793));
#2678=FILL_AREA_STYLE('',(#2794));
#2679=FILL_AREA_STYLE('',(#2795));
#2680=FILL_AREA_STYLE('',(#2796));
#2681=FILL_AREA_STYLE('',(#2797));
#2682=FILL_AREA_STYLE('',(#2798));
#2683=FILL_AREA_STYLE('',(#2799));
#2684=FILL_AREA_STYLE('',(#2800));
#2685=FILL_AREA_STYLE('',(#2801));
#2686=FILL_AREA_STYLE('',(#2802));
#2687=FILL_AREA_STYLE('',(#2803));
#2688=FILL_AREA_STYLE('',(#2804));
#2689=FILL_AREA_STYLE('',(#2805));
#2690=FILL_AREA_STYLE('',(#2806));
#2691=FILL_AREA_STYLE_COLOUR('',#2807);
#2692=FILL_AREA_STYLE_COLOUR('',#2807);
#2693=FILL_AREA_STYLE_COLOUR('',#2807);
#2694=FILL_AREA_STYLE_COLOUR('',#2807);
#2695=FILL_AREA_STYLE_COLOUR('',#2807);
#2696=FILL_AREA_STYLE_COLOUR('',#2807);
#2697=FILL_AREA_STYLE_COLOUR('',#2807);
#2698=FILL_AREA_STYLE_COLOUR('',#2807);
#2699=FILL_AREA_STYLE_COLOUR('',#2807);
#2700=FILL_AREA_STYLE_COLOUR('',#2807);
#2701=FILL_AREA_STYLE_COLOUR('',#2807);
#2702=FILL_AREA_STYLE_COLOUR('',#2807);
#2703=FILL_AREA_STYLE_COLOUR('',#2807);
#2704=FILL_AREA_STYLE_COLOUR('',#2807);
#2705=FILL_AREA_STYLE_COLOUR('',#2807);
#2706=FILL_AREA_STYLE_COLOUR('',#2807);
#2707=FILL_AREA_STYLE_COLOUR('',#2807);
#2708=FILL_AREA_STYLE_COLOUR('',#2807);
#2709=FILL_AREA_STYLE_COLOUR('',#2807);
#2710=FILL_AREA_STYLE_COLOUR('',#2807);
#2711=FILL_AREA_STYLE_COLOUR('',#2807);
#2712=FILL_AREA_STYLE_COLOUR('',#2807);
#2713=FILL_AREA_STYLE_COLOUR('',#2807);
#2714=FILL_AREA_STYLE_COLOUR('',#2807);
#2715=FILL_AREA_STYLE_COLOUR('',#2807);
#2716=FILL_AREA_STYLE_COLOUR('',#2807);
#2717=FILL_AREA_STYLE_COLOUR('',#2807);
#2718=FILL_AREA_STYLE_COLOUR('',#2807);
#2719=FILL_AREA_STYLE_COLOUR('',#2807);
#2720=FILL_AREA_STYLE_COLOUR('',#2807);
#2721=FILL_AREA_STYLE_COLOUR('',#2807);
#2722=FILL_AREA_STYLE_COLOUR('',#2807);
#2723=FILL_AREA_STYLE_COLOUR('',#2807);
#2724=FILL_AREA_STYLE_COLOUR('',#2808);
#2725=FILL_AREA_STYLE_COLOUR('',#2808);
#2726=FILL_AREA_STYLE_COLOUR('',#2808);
#2727=FILL_AREA_STYLE_COLOUR('',#2808);
#2728=FILL_AREA_STYLE_COLOUR('',#2808);
#2729=FILL_AREA_STYLE_COLOUR('',#2808);
#2730=FILL_AREA_STYLE_COLOUR('',#2808);
#2731=FILL_AREA_STYLE_COLOUR('',#2808);
#2732=FILL_AREA_STYLE_COLOUR('',#2807);
#2733=FILL_AREA_STYLE_COLOUR('',#2807);
#2734=FILL_AREA_STYLE_COLOUR('',#2807);
#2735=FILL_AREA_STYLE_COLOUR('',#2807);
#2736=FILL_AREA_STYLE_COLOUR('',#2807);
#2737=FILL_AREA_STYLE_COLOUR('',#2807);
#2738=FILL_AREA_STYLE_COLOUR('',#2807);
#2739=FILL_AREA_STYLE_COLOUR('',#2807);
#2740=FILL_AREA_STYLE_COLOUR('',#2807);
#2741=FILL_AREA_STYLE_COLOUR('',#2807);
#2742=FILL_AREA_STYLE_COLOUR('',#2808);
#2743=FILL_AREA_STYLE_COLOUR('',#2808);
#2744=FILL_AREA_STYLE_COLOUR('',#2808);
#2745=FILL_AREA_STYLE_COLOUR('',#2808);
#2746=FILL_AREA_STYLE_COLOUR('',#2808);
#2747=FILL_AREA_STYLE_COLOUR('',#2808);
#2748=FILL_AREA_STYLE_COLOUR('',#2808);
#2749=FILL_AREA_STYLE_COLOUR('',#2808);
#2750=FILL_AREA_STYLE_COLOUR('',#2808);
#2751=FILL_AREA_STYLE_COLOUR('',#2808);
#2752=FILL_AREA_STYLE_COLOUR('',#2807);
#2753=FILL_AREA_STYLE_COLOUR('',#2807);
#2754=FILL_AREA_STYLE_COLOUR('',#2807);
#2755=FILL_AREA_STYLE_COLOUR('',#2807);
#2756=FILL_AREA_STYLE_COLOUR('',#2807);
#2757=FILL_AREA_STYLE_COLOUR('',#2807);
#2758=FILL_AREA_STYLE_COLOUR('',#2807);
#2759=FILL_AREA_STYLE_COLOUR('',#2807);
#2760=FILL_AREA_STYLE_COLOUR('',#2807);
#2761=FILL_AREA_STYLE_COLOUR('',#2807);
#2762=FILL_AREA_STYLE_COLOUR('',#2807);
#2763=FILL_AREA_STYLE_COLOUR('',#2807);
#2764=FILL_AREA_STYLE_COLOUR('',#2807);
#2765=FILL_AREA_STYLE_COLOUR('',#2807);
#2766=FILL_AREA_STYLE_COLOUR('',#2807);
#2767=FILL_AREA_STYLE_COLOUR('',#2807);
#2768=FILL_AREA_STYLE_COLOUR('',#2807);
#2769=FILL_AREA_STYLE_COLOUR('',#2807);
#2770=FILL_AREA_STYLE_COLOUR('',#2807);
#2771=FILL_AREA_STYLE_COLOUR('',#2807);
#2772=FILL_AREA_STYLE_COLOUR('',#2807);
#2773=FILL_AREA_STYLE_COLOUR('',#2807);
#2774=FILL_AREA_STYLE_COLOUR('',#2807);
#2775=FILL_AREA_STYLE_COLOUR('',#2807);
#2776=FILL_AREA_STYLE_COLOUR('',#2807);
#2777=FILL_AREA_STYLE_COLOUR('',#2807);
#2778=FILL_AREA_STYLE_COLOUR('',#2807);
#2779=FILL_AREA_STYLE_COLOUR('',#2807);
#2780=FILL_AREA_STYLE_COLOUR('',#2807);
#2781=FILL_AREA_STYLE_COLOUR('',#2807);
#2782=FILL_AREA_STYLE_COLOUR('',#2807);
#2783=FILL_AREA_STYLE_COLOUR('',#2807);
#2784=FILL_AREA_STYLE_COLOUR('',#2807);
#2785=FILL_AREA_STYLE_COLOUR('',#2807);
#2786=FILL_AREA_STYLE_COLOUR('',#2807);
#2787=FILL_AREA_STYLE_COLOUR('',#2807);
#2788=FILL_AREA_STYLE_COLOUR('',#2807);
#2789=FILL_AREA_STYLE_COLOUR('',#2809);
#2790=FILL_AREA_STYLE_COLOUR('',#2807);
#2791=FILL_AREA_STYLE_COLOUR('',#2807);
#2792=FILL_AREA_STYLE_COLOUR('',#2807);
#2793=FILL_AREA_STYLE_COLOUR('',#2807);
#2794=FILL_AREA_STYLE_COLOUR('',#2807);
#2795=FILL_AREA_STYLE_COLOUR('',#2807);
#2796=FILL_AREA_STYLE_COLOUR('',#2807);
#2797=FILL_AREA_STYLE_COLOUR('',#2807);
#2798=FILL_AREA_STYLE_COLOUR('',#2807);
#2799=FILL_AREA_STYLE_COLOUR('',#2807);
#2800=FILL_AREA_STYLE_COLOUR('',#2807);
#2801=FILL_AREA_STYLE_COLOUR('',#2807);
#2802=FILL_AREA_STYLE_COLOUR('',#2807);
#2803=FILL_AREA_STYLE_COLOUR('',#2807);
#2804=FILL_AREA_STYLE_COLOUR('',#2807);
#2805=FILL_AREA_STYLE_COLOUR('',#2807);
#2806=FILL_AREA_STYLE_COLOUR('',#2807);
#2807=COLOUR_RGB('',0.200000002980232,0.200000002980232,0.200000002980232);
#2808=COLOUR_RGB('',0.699999988079071,0.699999988079071,0.699999988079071);
#2809=COLOUR_RGB('',0.800000011920929,0.760330617427826,0.);
#2810=ADVANCED_FACE('',(#1835,#1836),#1967,.T.);
#2811=ADVANCED_FACE('',(#1837),#38,.F.);
#2812=ADVANCED_FACE('',(#1838),#1968,.F.);
#2813=ADVANCED_FACE('',(#1839),#1969,.F.);
#2814=ADVANCED_FACE('',(#1840),#39,.T.);
#2815=ADVANCED_FACE('',(#1841),#40,.T.);
#2816=ADVANCED_FACE('',(#1842),#41,.F.);
#2817=ADVANCED_FACE('',(#1843),#42,.F.);
#2818=ADVANCED_FACE('',(#1844),#1970,.F.);
#2819=ADVANCED_FACE('',(#1845),#1971,.F.);
#2820=ADVANCED_FACE('',(#1846),#43,.T.);
#2821=ADVANCED_FACE('',(#1847),#44,.T.);
#2822=ADVANCED_FACE('',(#1848),#45,.F.);
#2823=ADVANCED_FACE('',(#1849),#46,.F.);
#2824=ADVANCED_FACE('',(#1850),#1972,.F.);
#2825=ADVANCED_FACE('',(#1851),#1973,.F.);
#2826=ADVANCED_FACE('',(#1852),#47,.T.);
#2827=ADVANCED_FACE('',(#1853),#48,.T.);
#2828=ADVANCED_FACE('',(#1854),#49,.F.);
#2829=ADVANCED_FACE('',(#1855),#50,.F.);
#2830=ADVANCED_FACE('',(#1856),#1974,.F.);
#2831=ADVANCED_FACE('',(#1857),#1975,.F.);
#2832=ADVANCED_FACE('',(#1858),#51,.T.);
#2833=ADVANCED_FACE('',(#1859),#52,.T.);
#2834=ADVANCED_FACE('',(#1860),#53,.F.);
#2835=ADVANCED_FACE('',(#1861),#54,.F.);
#2836=ADVANCED_FACE('',(#1862),#1976,.F.);
#2837=ADVANCED_FACE('',(#1863),#1977,.F.);
#2838=ADVANCED_FACE('',(#1864),#55,.T.);
#2839=ADVANCED_FACE('',(#1865),#56,.T.);
#2840=ADVANCED_FACE('',(#1866),#57,.F.);
#2841=ADVANCED_FACE('',(#1867,#1868),#1978,.T.);
#2842=ADVANCED_FACE('',(#1869,#1870,#1871,#1872,#1873,#1874,#1875,#1876),
#58,.F.);
#2843=ADVANCED_FACE('',(#1877),#59,.F.);
#2844=ADVANCED_FACE('',(#1878),#60,.F.);
#2845=ADVANCED_FACE('',(#1879),#61,.F.);
#2846=ADVANCED_FACE('',(#1880),#62,.F.);
#2847=ADVANCED_FACE('',(#1881),#63,.F.);
#2848=ADVANCED_FACE('',(#1882),#64,.F.);
#2849=ADVANCED_FACE('',(#1883),#65,.F.);
#2850=ADVANCED_FACE('',(#1884),#66,.F.);
#2851=ADVANCED_FACE('',(#1885),#67,.T.);
#2852=ADVANCED_FACE('',(#1886),#68,.F.);
#2853=ADVANCED_FACE('',(#1887),#69,.F.);
#2854=ADVANCED_FACE('',(#1888),#70,.F.);
#2855=ADVANCED_FACE('',(#1889),#1979,.T.);
#2856=ADVANCED_FACE('',(#1890),#71,.F.);
#2857=ADVANCED_FACE('',(#1891),#1980,.T.);
#2858=ADVANCED_FACE('',(#1892),#72,.T.);
#2859=ADVANCED_FACE('',(#1893),#73,.T.);
#2860=ADVANCED_FACE('',(#1894),#74,.T.);
#2861=ADVANCED_FACE('',(#1895),#75,.F.);
#2862=ADVANCED_FACE('',(#1896),#76,.T.);
#2863=ADVANCED_FACE('',(#1897),#1981,.T.);
#2864=ADVANCED_FACE('',(#1898),#1982,.T.);
#2865=ADVANCED_FACE('',(#1899),#77,.F.);
#2866=ADVANCED_FACE('',(#1900),#36,.T.);
#2867=ADVANCED_FACE('',(#1901),#78,.F.);
#2868=ADVANCED_FACE('',(#1902),#79,.F.);
#2869=ADVANCED_FACE('',(#1903),#37,.T.);
#2870=ADVANCED_FACE('',(#1904),#80,.F.);
#2871=ADVANCED_FACE('',(#1905),#81,.F.);
#2872=ADVANCED_FACE('',(#1906,#1907),#1983,.T.);
#2873=ADVANCED_FACE('',(#1908),#82,.F.);
#2874=ADVANCED_FACE('',(#1909,#1910),#1984,.T.);
#2875=ADVANCED_FACE('',(#1911),#83,.F.);
#2876=ADVANCED_FACE('',(#1912,#1913),#84,.T.);
#2877=ADVANCED_FACE('',(#1914,#1915),#20,.T.);
#2878=ADVANCED_FACE('',(#1916),#85,.T.);
#2879=ADVANCED_FACE('',(#1917),#86,.T.);
#2880=ADVANCED_FACE('',(#1918),#87,.F.);
#2881=ADVANCED_FACE('',(#1919),#1985,.F.);
#2882=ADVANCED_FACE('',(#1920),#1986,.F.);
#2883=ADVANCED_FACE('',(#1921),#88,.T.);
#2884=ADVANCED_FACE('',(#1922),#89,.F.);
#2885=ADVANCED_FACE('',(#1923),#1987,.T.);
#2886=ADVANCED_FACE('',(#1924),#90,.F.);
#2887=ADVANCED_FACE('',(#1925),#91,.T.);
#2888=ADVANCED_FACE('',(#1926),#1988,.T.);
#2889=ADVANCED_FACE('',(#1927),#92,.F.);
#2890=ADVANCED_FACE('',(#1928),#93,.F.);
#2891=ADVANCED_FACE('',(#1929),#94,.T.);
#2892=ADVANCED_FACE('',(#1930),#95,.T.);
#2893=ADVANCED_FACE('',(#1931),#96,.T.);
#2894=ADVANCED_FACE('',(#1932),#1989,.T.);
#2895=ADVANCED_FACE('',(#1933),#97,.T.);
#2896=ADVANCED_FACE('',(#1934),#98,.T.);
#2897=ADVANCED_FACE('',(#1935),#99,.T.);
#2898=ADVANCED_FACE('',(#1936),#1990,.T.);
#2899=ADVANCED_FACE('',(#1937),#100,.T.);
#2900=ADVANCED_FACE('',(#1938),#101,.T.);
#2901=ADVANCED_FACE('',(#1939),#102,.T.);
#2902=ADVANCED_FACE('',(#1940),#1991,.T.);
#2903=ADVANCED_FACE('',(#1941),#103,.T.);
#2904=ADVANCED_FACE('',(#1942),#104,.T.);
#2905=ADVANCED_FACE('',(#1943),#105,.T.);
#2906=ADVANCED_FACE('',(#1944),#1992,.T.);
#2907=ADVANCED_FACE('',(#1945,#1946),#1993,.F.);
#2908=ADVANCED_FACE('',(#1947),#106,.F.);
#2909=ADVANCED_FACE('',(#1948),#21,.T.);
#2910=ADVANCED_FACE('',(#1949),#22,.T.);
#2911=ADVANCED_FACE('',(#1950),#23,.T.);
#2912=ADVANCED_FACE('',(#1951),#24,.T.);
#2913=ADVANCED_FACE('',(#1952),#25,.T.);
#2914=ADVANCED_FACE('',(#1953),#26,.T.);
#2915=ADVANCED_FACE('',(#1954),#27,.T.);
#2916=ADVANCED_FACE('',(#1955),#28,.T.);
#2917=ADVANCED_FACE('',(#1956),#29,.T.);
#2918=ADVANCED_FACE('',(#1957),#30,.T.);
#2919=ADVANCED_FACE('',(#1958),#31,.T.);
#2920=ADVANCED_FACE('',(#1959),#32,.T.);
#2921=ADVANCED_FACE('',(#1960),#33,.T.);
#2922=ADVANCED_FACE('',(#1961),#34,.T.);
#2923=ADVANCED_FACE('',(#1962,#1963),#1994,.F.);
#2924=ADVANCED_FACE('',(#1964),#107,.F.);
#2925=ADVANCED_FACE('',(#1965,#1966),#35,.T.);
#2926=CLOSED_SHELL('',(#2810,#2811,#2812,#2813,#2814,#2815,#2816,#2817,
#2818,#2819,#2820,#2821,#2822,#2823,#2824,#2825,#2826,#2827,#2828,#2829,
#2830,#2831,#2832,#2833,#2834,#2835,#2836,#2837,#2838,#2839,#2840,#2841,
#2842,#2843,#2844,#2845,#2846,#2847,#2848,#2849,#2850,#2851,#2852,#2853,
#2854,#2855,#2856,#2857,#2858,#2859,#2860,#2861,#2862,#2863,#2864,#2865,
#2866,#2867,#2868,#2869,#2870,#2871,#2872,#2873,#2874,#2875,#2876,#2877,
#2878,#2879,#2880,#2881,#2882,#2883,#2884,#2885,#2886,#2887,#2888,#2889,
#2890,#2891,#2892,#2893,#2894,#2895,#2896,#2897,#2898,#2899,#2900,#2901,
#2902,#2903,#2904,#2905,#2906,#2907,#2908,#2909,#2910,#2911,#2912,#2913,
#2914,#2915,#2916,#2917,#2918,#2919,#2920,#2921,#2922,#2923,#2924,#2925));
#2927=MANIFOLD_SOLID_BREP('',#2926);
#2928=SHAPE_DEFINITION_REPRESENTATION(#4495,#2929);
#2929=SHAPE_REPRESENTATION('PS1740P02CE',(#2930),#4490);
#2930=AXIS2_PLACEMENT_3D('',#3704,#3132,#3133);
#2931=AXIS2_PLACEMENT_3D('',#3705,#3134,#3135);
#2932=AXIS2_PLACEMENT_3D('',#3706,#3136,#3137);
#2933=AXIS2_PLACEMENT_3D('',#3716,#3139,#3140);
#2934=AXIS2_PLACEMENT_3D('',#3725,#3142,#3143);
#2935=AXIS2_PLACEMENT_3D('',#3734,#3145,#3146);
#2936=AXIS2_PLACEMENT_3D('',#3743,#3148,#3149);
#2937=AXIS2_PLACEMENT_3D('',#3752,#3151,#3152);
#2938=AXIS2_PLACEMENT_3D('',#3761,#3154,#3155);
#2939=AXIS2_PLACEMENT_3D('',#3770,#3157,#3158);
#2940=AXIS2_PLACEMENT_3D('',#3779,#3160,#3161);
#2941=AXIS2_PLACEMENT_3D('',#3788,#3163,#3164);
#2942=AXIS2_PLACEMENT_3D('',#3797,#3166,#3167);
#2943=AXIS2_PLACEMENT_3D('',#3806,#3169,#3170);
#2944=AXIS2_PLACEMENT_3D('',#3817,#3173,#3174);
#2945=AXIS2_PLACEMENT_3D('',#3821,#3176,#3177);
#2946=AXIS2_PLACEMENT_3D('',#3825,#3179,#3180);
#2947=AXIS2_PLACEMENT_3D('',#3829,#3182,#3183);
#2948=AXIS2_PLACEMENT_3D('',#3833,#3185,#3186);
#2949=AXIS2_PLACEMENT_3D('',#3837,#3188,#3189);
#2950=AXIS2_PLACEMENT_3D('',#3841,#3191,#3192);
#2951=AXIS2_PLACEMENT_3D('',#3845,#3194,#3195);
#2952=AXIS2_PLACEMENT_3D('',#3849,#3197,#3198);
#2953=AXIS2_PLACEMENT_3D('',#3853,#3200,#3201);
#2954=AXIS2_PLACEMENT_3D('',#3857,#3203,#3204);
#2955=AXIS2_PLACEMENT_3D('',#3861,#3206,#3207);
#2956=AXIS2_PLACEMENT_3D('',#3862,#3208,#3209);
#2957=AXIS2_PLACEMENT_3D('',#3865,#3211,#3212);
#2958=AXIS2_PLACEMENT_3D('',#3868,#3214,#3215);
#2959=AXIS2_PLACEMENT_3D('',#3877,#3218,#3219);
#2960=AXIS2_PLACEMENT_3D('',#3886,#3222,#3223);
#2961=AXIS2_PLACEMENT_3D('',#3895,#3226,#3227);
#2962=AXIS2_PLACEMENT_3D('',#3902,#3229,#3230);
#2963=AXIS2_PLACEMENT_3D('',#3903,#3231,#3232);
#2964=AXIS2_PLACEMENT_3D('',#3904,#3233,#3234);
#2965=AXIS2_PLACEMENT_3D('',#3907,#3236,#3237);
#2966=AXIS2_PLACEMENT_3D('',#3910,#3239,#3240);
#2967=AXIS2_PLACEMENT_3D('',#3919,#3243,#3244);
#2968=AXIS2_PLACEMENT_3D('',#3928,#3247,#3248);
#2969=AXIS2_PLACEMENT_3D('',#3935,#3250,#3251);
#2970=AXIS2_PLACEMENT_3D('',#3942,#3253,#3254);
#2971=AXIS2_PLACEMENT_3D('',#3943,#3255,#3256);
#2972=AXIS2_PLACEMENT_3D('',#3944,#3257,#3258);
#2973=AXIS2_PLACEMENT_3D('',#3947,#3260,#3261);
#2974=AXIS2_PLACEMENT_3D('',#3950,#3263,#3264);
#2975=AXIS2_PLACEMENT_3D('',#3959,#3267,#3268);
#2976=AXIS2_PLACEMENT_3D('',#3968,#3271,#3272);
#2977=AXIS2_PLACEMENT_3D('',#3975,#3274,#3275);
#2978=AXIS2_PLACEMENT_3D('',#3982,#3277,#3278);
#2979=AXIS2_PLACEMENT_3D('',#3983,#3279,#3280);
#2980=AXIS2_PLACEMENT_3D('',#3984,#3281,#3282);
#2981=AXIS2_PLACEMENT_3D('',#3987,#3284,#3285);
#2982=AXIS2_PLACEMENT_3D('',#3990,#3287,#3288);
#2983=AXIS2_PLACEMENT_3D('',#3999,#3291,#3292);
#2984=AXIS2_PLACEMENT_3D('',#4008,#3295,#3296);
#2985=AXIS2_PLACEMENT_3D('',#4015,#3298,#3299);
#2986=AXIS2_PLACEMENT_3D('',#4022,#3301,#3302);
#2987=AXIS2_PLACEMENT_3D('',#4023,#3303,#3304);
#2988=AXIS2_PLACEMENT_3D('',#4024,#3305,#3306);
#2989=AXIS2_PLACEMENT_3D('',#4027,#3308,#3309);
#2990=AXIS2_PLACEMENT_3D('',#4030,#3311,#3312);
#2991=AXIS2_PLACEMENT_3D('',#4039,#3315,#3316);
#2992=AXIS2_PLACEMENT_3D('',#4048,#3319,#3320);
#2993=AXIS2_PLACEMENT_3D('',#4055,#3322,#3323);
#2994=AXIS2_PLACEMENT_3D('',#4062,#3325,#3326);
#2995=AXIS2_PLACEMENT_3D('',#4063,#3327,#3328);
#2996=AXIS2_PLACEMENT_3D('',#4064,#3329,#3330);
#2997=AXIS2_PLACEMENT_3D('',#4065,#3331,#3332);
#2998=AXIS2_PLACEMENT_3D('',#4070,#3334,#3335);
#2999=AXIS2_PLACEMENT_3D('',#4071,#3336,#3337);
#3000=AXIS2_PLACEMENT_3D('',#4072,#3338,#3339);
#3001=AXIS2_PLACEMENT_3D('',#4073,#3340,#3341);
#3002=AXIS2_PLACEMENT_3D('',#4074,#3342,#3343);
#3003=AXIS2_PLACEMENT_3D('',#4075,#3344,#3345);
#3004=AXIS2_PLACEMENT_3D('',#4084,#3347,#3348);
#3005=AXIS2_PLACEMENT_3D('',#4090,#3349,#3350);
#3006=AXIS2_PLACEMENT_3D('',#4091,#3351,#3352);
#3007=AXIS2_PLACEMENT_3D('',#4095,#3354,#3355);
#3008=AXIS2_PLACEMENT_3D('',#4100,#3358,#3359);
#3009=AXIS2_PLACEMENT_3D('',#4105,#3362,#3363);
#3010=AXIS2_PLACEMENT_3D('',#4110,#3366,#3367);
#3011=AXIS2_PLACEMENT_3D('',#4115,#3370,#3371);
#3012=AXIS2_PLACEMENT_3D('',#4120,#3374,#3375);
#3013=AXIS2_PLACEMENT_3D('',#4123,#3377,#3378);
#3014=AXIS2_PLACEMENT_3D('',#4125,#3379,#3380);
#3015=AXIS2_PLACEMENT_3D('',#4146,#3390,#3391);
#3016=AXIS2_PLACEMENT_3D('',#4154,#3395,#3396);
#3017=AXIS2_PLACEMENT_3D('',#4175,#3407,#3408);
#3018=AXIS2_PLACEMENT_3D('',#4178,#3410,#3411);
#3019=AXIS2_PLACEMENT_3D('',#4183,#3414,#3415);
#3020=AXIS2_PLACEMENT_3D('',#4186,#3417,#3418);
#3021=AXIS2_PLACEMENT_3D('',#4189,#3420,#3421);
#3022=AXIS2_PLACEMENT_3D('',#4194,#3424,#3425);
#3023=AXIS2_PLACEMENT_3D('',#4197,#3427,#3428);
#3024=AXIS2_PLACEMENT_3D('',#4198,#3429,#3430);
#3025=AXIS2_PLACEMENT_3D('',#4203,#3433,#3434);
#3026=AXIS2_PLACEMENT_3D('',#4205,#3436,#3437);
#3027=AXIS2_PLACEMENT_3D('',#4207,#3439,#3440);
#3028=AXIS2_PLACEMENT_3D('',#4208,#3441,#3442);
#3029=AXIS2_PLACEMENT_3D('',#4213,#3445,#3446);
#3030=AXIS2_PLACEMENT_3D('',#4215,#3448,#3449);
#3031=AXIS2_PLACEMENT_3D('',#4217,#3451,#3452);
#3032=AXIS2_PLACEMENT_3D('',#4221,#3454,#3455);
#3033=AXIS2_PLACEMENT_3D('',#4226,#3458,#3459);
#3034=AXIS2_PLACEMENT_3D('',#4234,#3462,#3463);
#3035=AXIS2_PLACEMENT_3D('',#4236,#3465,#3466);
#3036=AXIS2_PLACEMENT_3D('',#4243,#3468,#3469);
#3037=AXIS2_PLACEMENT_3D('',#4244,#3470,#3471);
#3038=AXIS2_PLACEMENT_3D('',#4245,#3472,#3473);
#3039=AXIS2_PLACEMENT_3D('',#4249,#3475,#3476);
#3040=AXIS2_PLACEMENT_3D('',#4254,#3479,#3480);
#3041=AXIS2_PLACEMENT_3D('',#4257,#3482,#3483);
#3042=AXIS2_PLACEMENT_3D('',#4260,#3485,#3486);
#3043=AXIS2_PLACEMENT_3D('',#4266,#3488,#3489);
#3044=AXIS2_PLACEMENT_3D('',#4268,#3491,#3492);
#3045=AXIS2_PLACEMENT_3D('',#4273,#3493,#3494);
#3046=AXIS2_PLACEMENT_3D('',#4276,#3496,#3497);
#3047=AXIS2_PLACEMENT_3D('',#4279,#3499,#3500);
#3048=AXIS2_PLACEMENT_3D('',#4282,#3502,#3503);
#3049=AXIS2_PLACEMENT_3D('',#4285,#3505,#3506);
#3050=AXIS2_PLACEMENT_3D('',#4286,#3507,#3508);
#3051=AXIS2_PLACEMENT_3D('',#4287,#3509,#3510);
#3052=AXIS2_PLACEMENT_3D('',#4289,#3512,#3513);
#3053=AXIS2_PLACEMENT_3D('',#4291,#3515,#3516);
#3054=AXIS2_PLACEMENT_3D('',#4292,#3517,#3518);
#3055=AXIS2_PLACEMENT_3D('',#4294,#3520,#3521);
#3056=AXIS2_PLACEMENT_3D('',#4296,#3523,#3524);
#3057=AXIS2_PLACEMENT_3D('',#4297,#3525,#3526);
#3058=AXIS2_PLACEMENT_3D('',#4298,#3527,#3528);
#3059=AXIS2_PLACEMENT_3D('',#4300,#3529,#3530);
#3060=AXIS2_PLACEMENT_3D('',#4301,#3531,#3532);
#3061=AXIS2_PLACEMENT_3D('',#4302,#3533,#3534);
#3062=AXIS2_PLACEMENT_3D('',#4304,#3535,#3536);
#3063=AXIS2_PLACEMENT_3D('',#4305,#3537,#3538);
#3064=AXIS2_PLACEMENT_3D('',#4306,#3539,#3540);
#3065=AXIS2_PLACEMENT_3D('',#4309,#3542,#3543);
#3066=AXIS2_PLACEMENT_3D('',#4310,#3544,#3545);
#3067=AXIS2_PLACEMENT_3D('',#4312,#3546,#3547);
#3068=AXIS2_PLACEMENT_3D('',#4314,#3548,#3549);
#3069=AXIS2_PLACEMENT_3D('',#4315,#3550,#3551);
#3070=AXIS2_PLACEMENT_3D('',#4321,#3553,#3554);
#3071=AXIS2_PLACEMENT_3D('',#4327,#3556,#3557);
#3072=AXIS2_PLACEMENT_3D('',#4330,#3560,#3561);
#3073=AXIS2_PLACEMENT_3D('',#4331,#3562,#3563);
#3074=AXIS2_PLACEMENT_3D('',#4332,#3564,#3565);
#3075=AXIS2_PLACEMENT_3D('',#4335,#3567,#3568);
#3076=AXIS2_PLACEMENT_3D('',#4338,#3570,#3571);
#3077=AXIS2_PLACEMENT_3D('',#4345,#3573,#3574);
#3078=AXIS2_PLACEMENT_3D('',#4346,#3575,#3576);
#3079=AXIS2_PLACEMENT_3D('',#4349,#3578,#3579);
#3080=AXIS2_PLACEMENT_3D('',#4354,#3580,#3581);
#3081=AXIS2_PLACEMENT_3D('',#4357,#3583,#3584);
#3082=AXIS2_PLACEMENT_3D('',#4360,#3586,#3587);
#3083=AXIS2_PLACEMENT_3D('',#4363,#3589,#3590);
#3084=AXIS2_PLACEMENT_3D('',#4366,#3592,#3593);
#3085=AXIS2_PLACEMENT_3D('',#4371,#3594,#3595);
#3086=AXIS2_PLACEMENT_3D('',#4376,#3596,#3597);
#3087=AXIS2_PLACEMENT_3D('',#4379,#3599,#3600);
#3088=AXIS2_PLACEMENT_3D('',#4382,#3602,#3603);
#3089=AXIS2_PLACEMENT_3D('',#4389,#3605,#3606);
#3090=AXIS2_PLACEMENT_3D('',#4396,#3608,#3609);
#3091=AXIS2_PLACEMENT_3D('',#4397,#3610,#3611);
#3092=AXIS2_PLACEMENT_3D('',#4398,#3612,#3613);
#3093=AXIS2_PLACEMENT_3D('',#4401,#3615,#3616);
#3094=AXIS2_PLACEMENT_3D('',#4404,#3618,#3619);
#3095=AXIS2_PLACEMENT_3D('',#4411,#3621,#3622);
#3096=AXIS2_PLACEMENT_3D('',#4418,#3624,#3625);
#3097=AXIS2_PLACEMENT_3D('',#4419,#3626,#3627);
#3098=AXIS2_PLACEMENT_3D('',#4420,#3628,#3629);
#3099=AXIS2_PLACEMENT_3D('',#4423,#3631,#3632);
#3100=AXIS2_PLACEMENT_3D('',#4426,#3634,#3635);
#3101=AXIS2_PLACEMENT_3D('',#4433,#3637,#3638);
#3102=AXIS2_PLACEMENT_3D('',#4440,#3640,#3641);
#3103=AXIS2_PLACEMENT_3D('',#4441,#3642,#3643);
#3104=AXIS2_PLACEMENT_3D('',#4442,#3644,#3645);
#3105=AXIS2_PLACEMENT_3D('',#4445,#3647,#3648);
#3106=AXIS2_PLACEMENT_3D('',#4448,#3650,#3651);
#3107=AXIS2_PLACEMENT_3D('',#4455,#3653,#3654);
#3108=AXIS2_PLACEMENT_3D('',#4462,#3656,#3657);
#3109=AXIS2_PLACEMENT_3D('',#4463,#3658,#3659);
#3110=AXIS2_PLACEMENT_3D('',#4464,#3660,#3661);
#3111=AXIS2_PLACEMENT_3D('',#4465,#3662,#3663);
#3112=AXIS2_PLACEMENT_3D('',#4467,#3664,#3665);
#3113=AXIS2_PLACEMENT_3D('',#4469,#3666,#3667);
#3114=AXIS2_PLACEMENT_3D('',#4470,#3668,#3669);
#3115=AXIS2_PLACEMENT_3D('',#4471,#3670,#3671);
#3116=AXIS2_PLACEMENT_3D('',#4472,#3672,#3673);
#3117=AXIS2_PLACEMENT_3D('',#4473,#3674,#3675);
#3118=AXIS2_PLACEMENT_3D('',#4474,#3676,#3677);
#3119=AXIS2_PLACEMENT_3D('',#4475,#3678,#3679);
#3120=AXIS2_PLACEMENT_3D('',#4476,#3680,#3681);
#3121=AXIS2_PLACEMENT_3D('',#4477,#3682,#3683);
#3122=AXIS2_PLACEMENT_3D('',#4478,#3684,#3685);
#3123=AXIS2_PLACEMENT_3D('',#4479,#3686,#3687);
#3124=AXIS2_PLACEMENT_3D('',#4480,#3688,#3689);
#3125=AXIS2_PLACEMENT_3D('',#4481,#3690,#3691);
#3126=AXIS2_PLACEMENT_3D('',#4482,#3692,#3693);
#3127=AXIS2_PLACEMENT_3D('',#4483,#3694,#3695);
#3128=AXIS2_PLACEMENT_3D('',#4484,#3696,#3697);
#3129=AXIS2_PLACEMENT_3D('',#4485,#3698,#3699);
#3130=AXIS2_PLACEMENT_3D('',#4487,#3700,#3701);
#3131=AXIS2_PLACEMENT_3D('',#4488,#3702,#3703);
#3132=DIRECTION('',(0.,0.,1.));
#3133=DIRECTION('',(1.,0.,0.));
#3134=DIRECTION('',(0.,1.,0.));
#3135=DIRECTION('',(0.,0.,1.));
#3136=DIRECTION('',(1.020425574104E-16,-1.,0.));
#3137=DIRECTION('',(-1.,-1.020425574104E-16,0.));
#3138=DIRECTION('',(-1.020425574104E-16,1.,0.));
#3139=DIRECTION('',(-1.27553196763001E-16,1.,0.));
#3140=DIRECTION('',(-1.,-1.27553196763001E-16,0.));
#3141=DIRECTION('',(-1.020425574104E-16,1.,0.));
#3142=DIRECTION('',(1.020425574104E-16,-1.,0.));
#3143=DIRECTION('',(-1.,-1.020425574104E-16,0.));
#3144=DIRECTION('',(-5.10212787052002E-17,1.,8.83714469845388E-17));
#3145=DIRECTION('',(-6.37765983815003E-17,1.,1.10464308730673E-16));
#3146=DIRECTION('',(-0.5,-1.27553196763001E-16,0.866025403784439));
#3147=DIRECTION('',(-5.10212787052002E-17,1.,8.83714469845388E-17));
#3148=DIRECTION('',(1.020425574104E-16,-1.,0.));
#3149=DIRECTION('',(-1.,-1.020425574104E-16,0.));
#3150=DIRECTION('',(5.10212787052002E-17,1.,8.83714469845388E-17));
#3151=DIRECTION('',(6.37765983815002E-17,1.,1.10464308730673E-16));
#3152=DIRECTION('',(0.5,-1.27553196763001E-16,0.866025403784439));
#3153=DIRECTION('',(5.10212787052002E-17,1.,8.83714469845388E-17));
#3154=DIRECTION('',(1.020425574104E-16,-1.,0.));
#3155=DIRECTION('',(-1.,-1.020425574104E-16,0.));
#3156=DIRECTION('',(1.020425574104E-16,1.,1.24966091309457E-32));
#3157=DIRECTION('',(1.27553196763001E-16,1.,1.56207614136821E-32));
#3158=DIRECTION('',(1.,-1.27553196763001E-16,1.22464679914735E-16));
#3159=DIRECTION('',(1.020425574104E-16,1.,1.24966091309457E-32));
#3160=DIRECTION('',(1.020425574104E-16,-1.,0.));
#3161=DIRECTION('',(-1.,-1.020425574104E-16,0.));
#3162=DIRECTION('',(5.10212787052003E-17,1.,-8.83714469845388E-17));
#3163=DIRECTION('',(6.37765983815003E-17,1.,-1.10464308730673E-16));
#3164=DIRECTION('',(0.5,-1.27553196763001E-16,-0.866025403784438));
#3165=DIRECTION('',(5.10212787052003E-17,1.,-8.83714469845388E-17));
#3166=DIRECTION('',(1.020425574104E-16,-1.,0.));
#3167=DIRECTION('',(-1.,-1.020425574104E-16,0.));
#3168=DIRECTION('',(-5.10212787052001E-17,1.,-8.83714469845388E-17));
#3169=DIRECTION('',(-6.37765983815002E-17,1.,-1.10464308730674E-16));
#3170=DIRECTION('',(-0.499999999999999,-1.27553196763001E-16,-0.866025403784439));
#3171=DIRECTION('',(-5.10212787052001E-17,1.,-8.83714469845388E-17));
#3172=DIRECTION('',(0.,1.,0.));
#3173=DIRECTION('',(1.15648231731787E-16,-1.,0.));
#3174=DIRECTION('',(-1.,-1.15648231731787E-16,0.));
#3175=DIRECTION('',(0.,1.,0.));
#3176=DIRECTION('',(1.020425574104E-16,-1.,0.));
#3177=DIRECTION('',(-1.,-1.020425574104E-16,0.));
#3178=DIRECTION('',(0.,1.,0.));
#3179=DIRECTION('',(1.15648231731787E-16,-1.,0.));
#3180=DIRECTION('',(-1.,-1.15648231731787E-16,0.));
#3181=DIRECTION('',(0.,1.,0.));
#3182=DIRECTION('',(1.020425574104E-16,-1.,0.));
#3183=DIRECTION('',(-1.,-1.020425574104E-16,0.));
#3184=DIRECTION('',(0.,1.,0.));
#3185=DIRECTION('',(1.15648231731787E-16,-1.,0.));
#3186=DIRECTION('',(-1.,-1.15648231731787E-16,0.));
#3187=DIRECTION('',(0.,1.,0.));
#3188=DIRECTION('',(1.020425574104E-16,-1.,0.));
#3189=DIRECTION('',(-1.,-1.020425574104E-16,0.));
#3190=DIRECTION('',(0.,1.,0.));
#3191=DIRECTION('',(1.15648231731787E-16,-1.,0.));
#3192=DIRECTION('',(-1.,-1.15648231731787E-16,0.));
#3193=DIRECTION('',(0.,1.,0.));
#3194=DIRECTION('',(1.020425574104E-16,-1.,0.));
#3195=DIRECTION('',(-1.,-1.020425574104E-16,0.));
#3196=DIRECTION('',(0.,1.,0.));
#3197=DIRECTION('',(-1.15648231731787E-16,1.,0.));
#3198=DIRECTION('',(-1.,-1.15648231731787E-16,0.));
#3199=DIRECTION('',(0.,1.,0.));
#3200=DIRECTION('',(1.020425574104E-16,-1.,0.));
#3201=DIRECTION('',(-1.,-1.020425574104E-16,0.));
#3202=DIRECTION('',(0.,1.,0.));
#3203=DIRECTION('',(-1.15648231731787E-16,1.,0.));
#3204=DIRECTION('',(-1.,-1.15648231731787E-16,0.));
#3205=DIRECTION('',(0.,1.,0.));
#3206=DIRECTION('',(1.020425574104E-16,-1.,0.));
#3207=DIRECTION('',(-1.,-1.020425574104E-16,0.));
#3208=DIRECTION('',(1.020425574104E-16,-1.,0.));
#3209=DIRECTION('',(1.,1.020425574104E-16,0.));
#3210=DIRECTION('',(-0.866025403784438,0.,-0.5));
#3211=DIRECTION('',(1.020425574104E-16,-1.,0.));
#3212=DIRECTION('',(1.,1.020425574104E-16,0.));
#3213=DIRECTION('',(0.866025403784439,0.,-0.499999999999999));
#3214=DIRECTION('',(-0.866025403784439,0.,0.499999999999999));
#3215=DIRECTION('',(0.499999999999999,0.,0.866025403784439));
#3216=DIRECTION('',(-0.866025403784439,0.,0.499999999999999));
#3217=DIRECTION('',(-0.866025403784439,0.,0.499999999999999));
#3218=DIRECTION('',(0.866025403784439,0.,-0.499999999999999));
#3219=DIRECTION('',(-0.499999999999999,0.,-0.866025403784439));
#3220=DIRECTION('',(0.866025403784439,0.,-0.499999999999999));
#3221=DIRECTION('',(0.866025403784439,0.,-0.499999999999999));
#3222=DIRECTION('',(-0.499999999999999,-1.020425574104E-16,-0.866025403784439));
#3223=DIRECTION('',(5.10212787052001E-17,-1.,8.83714469845388E-17));
#3224=DIRECTION('',(-5.10212787052001E-17,1.,-8.83714469845388E-17));
#3225=DIRECTION('',(-0.866025403784439,0.,0.499999999999999));
#3226=DIRECTION('',(0.499999999999999,1.020425574104E-16,0.866025403784439));
#3227=DIRECTION('',(-5.10212787052001E-17,1.,-8.83714469845388E-17));
#3228=DIRECTION('',(-5.10212787052001E-17,1.,-8.83714469845388E-17));
#3229=DIRECTION('',(6.37765983815002E-17,-1.,1.10464308730674E-16));
#3230=DIRECTION('',(0.499999999999999,1.27553196763001E-16,0.866025403784439));
#3231=DIRECTION('',(6.37765983815002E-17,-1.,1.10464308730674E-16));
#3232=DIRECTION('',(-0.499999999999999,-1.27553196763001E-16,-0.866025403784439));
#3233=DIRECTION('',(1.020425574104E-16,-1.,0.));
#3234=DIRECTION('',(1.,1.020425574104E-16,0.));
#3235=DIRECTION('',(1.22464679914735E-16,0.,-1.));
#3236=DIRECTION('',(1.020425574104E-16,-1.,0.));
#3237=DIRECTION('',(1.,1.020425574104E-16,0.));
#3238=DIRECTION('',(0.866025403784438,0.,0.5));
#3239=DIRECTION('',(-0.866025403784438,0.,-0.5));
#3240=DIRECTION('',(-0.5,0.,0.866025403784438));
#3241=DIRECTION('',(-0.866025403784438,0.,-0.5));
#3242=DIRECTION('',(-0.866025403784438,0.,-0.5));
#3243=DIRECTION('',(0.866025403784438,0.,0.5));
#3244=DIRECTION('',(0.5,0.,-0.866025403784438));
#3245=DIRECTION('',(0.866025403784438,0.,0.5));
#3246=DIRECTION('',(0.866025403784438,0.,0.5));
#3247=DIRECTION('',(0.5,-1.020425574104E-16,-0.866025403784438));
#3248=DIRECTION('',(-5.10212787052003E-17,-1.,8.83714469845388E-17));
#3249=DIRECTION('',(5.10212787052003E-17,1.,-8.83714469845388E-17));
#3250=DIRECTION('',(-0.5,1.020425574104E-16,0.866025403784438));
#3251=DIRECTION('',(5.10212787052003E-17,1.,-8.83714469845388E-17));
#3252=DIRECTION('',(5.10212787052003E-17,1.,-8.83714469845388E-17));
#3253=DIRECTION('',(-6.37765983815003E-17,-1.,1.10464308730673E-16));
#3254=DIRECTION('',(-0.5,1.27553196763001E-16,0.866025403784438));
#3255=DIRECTION('',(-6.37765983815003E-17,-1.,1.10464308730673E-16));
#3256=DIRECTION('',(0.5,-1.27553196763001E-16,-0.866025403784438));
#3257=DIRECTION('',(1.020425574104E-16,-1.,0.));
#3258=DIRECTION('',(1.,1.020425574104E-16,0.));
#3259=DIRECTION('',(0.866025403784439,0.,-0.5));
#3260=DIRECTION('',(1.020425574104E-16,-1.,0.));
#3261=DIRECTION('',(1.,1.020425574104E-16,0.));
#3262=DIRECTION('',(-1.22464679914735E-16,0.,1.));
#3263=DIRECTION('',(1.22464679914735E-16,0.,-1.));
#3264=DIRECTION('',(-1.,0.,-1.22464679914735E-16));
#3265=DIRECTION('',(1.22464679914735E-16,0.,-1.));
#3266=DIRECTION('',(1.22464679914735E-16,0.,-1.));
#3267=DIRECTION('',(-1.22464679914735E-16,0.,1.));
#3268=DIRECTION('',(1.,0.,1.22464679914735E-16));
#3269=DIRECTION('',(-1.22464679914735E-16,0.,1.));
#3270=DIRECTION('',(-1.22464679914735E-16,0.,1.));
#3271=DIRECTION('',(1.,-1.020425574104E-16,1.22464679914735E-16));
#3272=DIRECTION('',(-1.020425574104E-16,-1.,-1.24966091309457E-32));
#3273=DIRECTION('',(1.020425574104E-16,1.,1.24966091309457E-32));
#3274=DIRECTION('',(-1.,1.020425574104E-16,-1.22464679914735E-16));
#3275=DIRECTION('',(1.020425574104E-16,1.,1.24966091309457E-32));
#3276=DIRECTION('',(1.020425574104E-16,1.,1.24966091309457E-32));
#3277=DIRECTION('',(-1.27553196763001E-16,-1.,-1.56207614136821E-32));
#3278=DIRECTION('',(-1.,1.27553196763001E-16,-1.22464679914735E-16));
#3279=DIRECTION('',(-1.27553196763001E-16,-1.,-1.56207614136821E-32));
#3280=DIRECTION('',(1.,-1.27553196763001E-16,1.22464679914735E-16));
#3281=DIRECTION('',(1.020425574104E-16,-1.,0.));
#3282=DIRECTION('',(1.,1.020425574104E-16,0.));
#3283=DIRECTION('',(0.866025403784439,0.,0.5));
#3284=DIRECTION('',(1.020425574104E-16,-1.,0.));
#3285=DIRECTION('',(1.,1.020425574104E-16,0.));
#3286=DIRECTION('',(-0.866025403784439,0.,0.5));
#3287=DIRECTION('',(0.866025403784439,0.,-0.5));
#3288=DIRECTION('',(-0.5,0.,-0.866025403784439));
#3289=DIRECTION('',(0.866025403784439,0.,-0.5));
#3290=DIRECTION('',(0.866025403784439,0.,-0.5));
#3291=DIRECTION('',(-0.866025403784439,0.,0.5));
#3292=DIRECTION('',(0.5,0.,0.866025403784439));
#3293=DIRECTION('',(-0.866025403784439,0.,0.5));
#3294=DIRECTION('',(-0.866025403784439,0.,0.5));
#3295=DIRECTION('',(0.5,-1.020425574104E-16,0.866025403784439));
#3296=DIRECTION('',(-5.10212787052002E-17,-1.,-8.83714469845388E-17));
#3297=DIRECTION('',(5.10212787052002E-17,1.,8.83714469845388E-17));
#3298=DIRECTION('',(-0.5,1.020425574104E-16,-0.866025403784439));
#3299=DIRECTION('',(5.10212787052002E-17,1.,8.83714469845388E-17));
#3300=DIRECTION('',(5.10212787052002E-17,1.,8.83714469845388E-17));
#3301=DIRECTION('',(-6.37765983815002E-17,-1.,-1.10464308730673E-16));
#3302=DIRECTION('',(-0.5,1.27553196763001E-16,-0.866025403784439));
#3303=DIRECTION('',(-6.37765983815002E-17,-1.,-1.10464308730673E-16));
#3304=DIRECTION('',(0.5,-1.27553196763001E-16,0.866025403784439));
#3305=DIRECTION('',(1.020425574104E-16,-1.,0.));
#3306=DIRECTION('',(1.,1.020425574104E-16,0.));
#3307=DIRECTION('',(0.,0.,1.));
#3308=DIRECTION('',(1.020425574104E-16,-1.,0.));
#3309=DIRECTION('',(1.,1.020425574104E-16,0.));
#3310=DIRECTION('',(-0.866025403784439,0.,-0.5));
#3311=DIRECTION('',(0.866025403784439,0.,0.5));
#3312=DIRECTION('',(0.5,0.,-0.866025403784439));
#3313=DIRECTION('',(0.866025403784439,0.,0.5));
#3314=DIRECTION('',(0.866025403784439,0.,0.5));
#3315=DIRECTION('',(-0.866025403784439,0.,-0.5));
#3316=DIRECTION('',(-0.5,0.,0.866025403784439));
#3317=DIRECTION('',(-0.866025403784439,0.,-0.5));
#3318=DIRECTION('',(-0.866025403784439,0.,-0.5));
#3319=DIRECTION('',(-0.5,-1.020425574104E-16,0.866025403784439));
#3320=DIRECTION('',(5.10212787052002E-17,-1.,-8.83714469845388E-17));
#3321=DIRECTION('',(-5.10212787052002E-17,1.,8.83714469845388E-17));
#3322=DIRECTION('',(0.5,1.020425574104E-16,-0.866025403784439));
#3323=DIRECTION('',(-5.10212787052002E-17,1.,8.83714469845388E-17));
#3324=DIRECTION('',(-5.10212787052002E-17,1.,8.83714469845388E-17));
#3325=DIRECTION('',(6.37765983815003E-17,-1.,-1.10464308730673E-16));
#3326=DIRECTION('',(0.5,1.27553196763001E-16,-0.866025403784439));
#3327=DIRECTION('',(6.37765983815003E-17,-1.,-1.10464308730673E-16));
#3328=DIRECTION('',(-0.5,-1.27553196763001E-16,0.866025403784439));
#3329=DIRECTION('',(0.,-1.,0.));
#3330=DIRECTION('',(0.,0.,-1.));
#3331=DIRECTION('',(0.,-1.,0.));
#3332=DIRECTION('',(0.,0.,-1.));
#3333=DIRECTION('',(-1.020425574104E-16,1.,0.));
#3334=DIRECTION('',(1.020425574104E-16,-1.,0.));
#3335=DIRECTION('',(1.,1.020425574104E-16,0.));
#3336=DIRECTION('',(1.020425574104E-16,-1.,0.));
#3337=DIRECTION('',(1.,1.020425574104E-16,0.));
#3338=DIRECTION('',(1.020425574104E-16,-1.,0.));
#3339=DIRECTION('',(1.,1.020425574104E-16,0.));
#3340=DIRECTION('',(1.020425574104E-16,-1.,0.));
#3341=DIRECTION('',(1.,1.020425574104E-16,0.));
#3342=DIRECTION('',(1.020425574104E-16,-1.,0.));
#3343=DIRECTION('',(1.,1.020425574104E-16,0.));
#3344=DIRECTION('',(1.020425574104E-16,-1.,0.));
#3345=DIRECTION('',(1.,1.020425574104E-16,0.));
#3346=DIRECTION('',(-1.020425574104E-16,1.,0.));
#3347=DIRECTION('',(1.27553196763001E-16,-1.,0.));
#3348=DIRECTION('',(-1.,-1.27553196763001E-16,0.));
#3349=DIRECTION('',(0.,-1.,0.));
#3350=DIRECTION('',(0.,0.,-1.));
#3351=DIRECTION('',(0.,-1.,0.));
#3352=DIRECTION('',(-3.3776543949131E-15,0.,1.));
#3353=DIRECTION('',(-3.36276692558398E-15,-3.88898048669925E-31,1.));
#3354=DIRECTION('',(0.,-1.,0.));
#3355=DIRECTION('',(0.,0.,-1.));
#3356=DIRECTION('',(-3.72306338189655E-15,-4.30565696741703E-31,-1.));
#3357=DIRECTION('',(-0.866025403784439,-1.00154306582477E-16,-0.499999999999999));
#3358=DIRECTION('',(0.,-1.,0.));
#3359=DIRECTION('',(0.,0.,-1.));
#3360=DIRECTION('',(0.866025403784439,1.00154306582477E-16,0.499999999999999));
#3361=DIRECTION('',(-0.86602540378444,-1.00154306582477E-16,0.499999999999998));
#3362=DIRECTION('',(0.,-1.,0.));
#3363=DIRECTION('',(0.,0.,-1.));
#3364=DIRECTION('',(0.866025403784439,1.00154306582477E-16,-0.499999999999999));
#3365=DIRECTION('',(-3.60296456312569E-16,-4.16676480717777E-32,-1.));
#3366=DIRECTION('',(0.,-1.,0.));
#3367=DIRECTION('',(0.,0.,-1.));
#3368=DIRECTION('',(-3.60296456312569E-16,-4.16676480717777E-32,1.));
#3369=DIRECTION('',(-0.866025403784439,-1.00154306582477E-16,-0.5));
#3370=DIRECTION('',(0.,-1.,0.));
#3371=DIRECTION('',(0.,0.,-1.));
#3372=DIRECTION('',(0.866025403784439,1.00154306582477E-16,0.499999999999999));
#3373=DIRECTION('',(-0.866025403784436,-1.00154306582477E-16,0.500000000000004));
#3374=DIRECTION('',(0.,-1.,0.));
#3375=DIRECTION('',(0.,0.,-1.));
#3376=DIRECTION('',(0.866025403784437,1.00154306582477E-16,-0.500000000000004));
#3377=DIRECTION('',(1.020425574104E-16,-1.,0.));
#3378=DIRECTION('',(1.,1.020425574104E-16,0.));
#3379=DIRECTION('',(1.020425574104E-16,-1.,0.));
#3380=DIRECTION('',(1.,1.020425574104E-16,0.));
#3381=DIRECTION('',(0.500000000000005,5.10212787052008E-17,-0.866025403784435));
#3382=DIRECTION('',(-0.550989871491497,0.,-0.834511930120705));
#3383=DIRECTION('',(-0.500000000000002,-5.10212787052004E-17,0.866025403784438));
#3384=DIRECTION('',(0.998203466991462,0.,0.0599152608792163));
#3385=DIRECTION('',(0.500000000000005,5.10212787052008E-17,-0.866025403784435));
#3386=DIRECTION('',(0.866025403784437,8.83714469845387E-17,0.500000000000002));
#3387=DIRECTION('',(-0.499999999999999,-5.10212787052001E-17,0.866025403784439));
#3388=DIRECTION('',(-0.866025403784434,-8.83714469845383E-17,-0.500000000000009));
#3389=DIRECTION('',(0.866025403784439,8.83714469845388E-17,0.5));
#3390=DIRECTION('',(1.020425574104E-16,-1.,0.));
#3391=DIRECTION('',(-1.,-1.020425574104E-16,0.));
#3392=DIRECTION('',(-0.866025403784439,-8.83714469845388E-17,-0.5));
#3393=DIRECTION('',(-0.500000000000001,-5.10212787052003E-17,0.866025403784438));
#3394=DIRECTION('',(0.573576436351115,5.85292064356116E-17,0.819152044288943));
#3395=DIRECTION('',(-1.020425574104E-16,1.,0.));
#3396=DIRECTION('',(1.,1.020425574104E-16,0.));
#3397=DIRECTION('',(-0.573576436351046,-5.85292064356045E-17,-0.819152044288992));
#3398=DIRECTION('',(-0.819152044288992,-8.35883695072063E-17,0.573576436351046));
#3399=DIRECTION('',(-0.819152044288984,-8.35883695072055E-17,0.573576436351057));
#3400=DIRECTION('',(-0.879358291776828,0.,-0.476160681580639));
#3401=DIRECTION('',(-0.819152044288993,-8.35883695072064E-17,0.573576436351045));
#3402=DIRECTION('',(-0.573576436351047,-5.85292064356046E-17,-0.819152044288991));
#3403=DIRECTION('',(0.819152044288989,8.35883695072061E-17,-0.57357643635105));
#3404=DIRECTION('',(0.573576436351047,5.85292064356046E-17,0.819152044288991));
#3405=DIRECTION('',(-0.819152044288993,-8.35883695072064E-17,0.573576436351045));
#3406=DIRECTION('',(0.146686429801593,0.,0.989183042369845));
#3407=DIRECTION('',(-0.866025403784435,0.,-0.500000000000005));
#3408=DIRECTION('',(-0.500000000000005,0.,0.866025403784435));
#3409=DIRECTION('',(0.,-1.,0.));
#3410=DIRECTION('',(-0.866025403784435,0.,-0.500000000000005));
#3411=DIRECTION('',(-0.500000000000005,0.,0.866025403784435));
#3412=DIRECTION('',(0.,-1.,0.));
#3413=DIRECTION('',(0.,-1.,0.));
#3414=DIRECTION('',(-0.866025403784435,0.,-0.500000000000005));
#3415=DIRECTION('',(-0.500000000000005,0.,0.866025403784435));
#3416=DIRECTION('',(0.,-1.,0.));
#3417=DIRECTION('',(0.573576436351045,0.,0.819152044288993));
#3418=DIRECTION('',(0.819152044288993,0.,-0.573576436351045));
#3419=DIRECTION('',(0.,-1.,0.));
#3420=DIRECTION('',(0.573576436351045,0.,0.819152044288993));
#3421=DIRECTION('',(0.819152044288993,0.,-0.573576436351045));
#3422=DIRECTION('',(0.,-1.,0.));
#3423=DIRECTION('',(0.,-1.,0.));
#3424=DIRECTION('',(0.573576436351045,0.,0.819152044288993));
#3425=DIRECTION('',(0.819152044288993,0.,-0.573576436351045));
#3426=DIRECTION('',(0.,-1.,0.));
#3427=DIRECTION('',(0.866025403784439,0.,0.499999999999999));
#3428=DIRECTION('',(0.499999999999999,0.,-0.866025403784439));
#3429=DIRECTION('',(0.866025403784439,0.,0.499999999999999));
#3430=DIRECTION('',(0.499999999999999,0.,-0.866025403784439));
#3431=DIRECTION('',(0.,-1.,0.));
#3432=DIRECTION('',(0.,-1.,0.));
#3433=DIRECTION('',(0.500000000000002,0.,-0.866025403784437));
#3434=DIRECTION('',(-0.866025403784437,0.,-0.500000000000002));
#3435=DIRECTION('',(0.866025403784437,8.83714469845387E-17,0.500000000000002));
#3436=DIRECTION('',(-0.500000000000009,0.,0.866025403784434));
#3437=DIRECTION('',(0.866025403784434,0.,0.500000000000009));
#3438=DIRECTION('',(-0.866025403784434,-8.83714469845383E-17,-0.500000000000009));
#3439=DIRECTION('',(-0.57357643635105,0.,-0.819152044288989));
#3440=DIRECTION('',(-0.819152044288989,0.,0.57357643635105));
#3441=DIRECTION('',(-0.57357643635105,0.,-0.819152044288989));
#3442=DIRECTION('',(-0.819152044288989,0.,0.57357643635105));
#3443=DIRECTION('',(0.,-1.,0.));
#3444=DIRECTION('',(0.,-1.,0.));
#3445=DIRECTION('',(-0.819152044288991,0.,0.573576436351047));
#3446=DIRECTION('',(0.573576436351047,0.,0.819152044288991));
#3447=DIRECTION('',(-0.573576436351047,-5.85292064356047E-17,-0.819152044288991));
#3448=DIRECTION('',(0.819152044288991,0.,-0.573576436351047));
#3449=DIRECTION('',(-0.573576436351047,0.,-0.819152044288991));
#3450=DIRECTION('',(0.573576436351047,5.85292064356046E-17,0.819152044288991));
#3451=DIRECTION('',(-1.020425574104E-16,1.,0.));
#3452=DIRECTION('',(-1.,-1.020425574104E-16,0.));
#3453=DIRECTION('',(-0.573576436351049,-5.85292064356048E-17,-0.81915204428899));
#3454=DIRECTION('',(-1.020425574104E-16,1.,0.));
#3455=DIRECTION('',(-1.,-1.020425574104E-16,0.));
#3456=DIRECTION('',(0.573576436351045,5.85292064356044E-17,0.819152044288992));
#3457=DIRECTION('',(-0.819152044288991,-8.35883695072062E-17,0.573576436351047));
#3458=DIRECTION('',(0.819152044288944,0.,-0.573576436351115));
#3459=DIRECTION('',(-0.573576436351115,0.,-0.819152044288944));
#3460=DIRECTION('',(0.,-1.,0.));
#3461=DIRECTION('',(0.,-1.,0.));
#3462=DIRECTION('',(0.573576436351046,0.,0.819152044288992));
#3463=DIRECTION('',(0.819152044288992,0.,-0.573576436351046));
#3464=DIRECTION('',(0.,-1.,0.));
#3465=DIRECTION('',(-0.819152044288992,0.,0.573576436351046));
#3466=DIRECTION('',(0.573576436351046,0.,0.819152044288992));
#3467=DIRECTION('',(0.,-1.,0.));
#3468=DIRECTION('',(0.,-1.,0.));
#3469=DIRECTION('',(0.,0.,-1.));
#3470=DIRECTION('',(-1.020425574104E-16,1.,0.));
#3471=DIRECTION('',(-1.,-1.020425574104E-16,0.));
#3472=DIRECTION('',(1.020425574104E-16,-1.,0.));
#3473=DIRECTION('',(1.,1.020425574104E-16,0.));
#3474=DIRECTION('',(-0.866025403784439,-8.83714469845388E-17,-0.5));
#3475=DIRECTION('',(1.020425574104E-16,-1.,0.));
#3476=DIRECTION('',(1.,1.020425574104E-16,0.));
#3477=DIRECTION('',(0.866025403784439,8.83714469845388E-17,0.5));
#3478=DIRECTION('',(-0.500000000000001,-5.10212787052003E-17,0.866025403784438));
#3479=DIRECTION('',(0.,-1.,0.));
#3480=DIRECTION('',(0.,0.,-1.));
#3481=DIRECTION('',(0.,-1.,0.));
#3482=DIRECTION('',(1.020425574104E-16,-1.,0.));
#3483=DIRECTION('',(1.,1.020425574104E-16,0.));
#3484=DIRECTION('',(0.,-1.,0.));
#3485=DIRECTION('',(-0.5,0.,0.866025403784439));
#3486=DIRECTION('',(0.866025403784439,0.,0.5));
#3487=DIRECTION('',(0.,-1.,0.));
#3488=DIRECTION('',(0.866025403784438,0.,0.500000000000001));
#3489=DIRECTION('',(0.500000000000001,0.,-0.866025403784438));
#3490=DIRECTION('',(0.,-1.,0.));
#3491=DIRECTION('',(0.5,0.,-0.866025403784439));
#3492=DIRECTION('',(-0.866025403784439,0.,-0.5));
#3493=DIRECTION('',(0.573576436351057,0.,0.819152044288984));
#3494=DIRECTION('',(0.819152044288984,0.,-0.573576436351057));
#3495=DIRECTION('',(0.,1.,0.));
#3496=DIRECTION('',(0.573576436351057,0.,0.819152044288984));
#3497=DIRECTION('',(0.819152044288984,0.,-0.573576436351057));
#3498=DIRECTION('',(0.,-1.,0.));
#3499=DIRECTION('',(0.866025403784438,0.,0.500000000000002));
#3500=DIRECTION('',(0.500000000000002,0.,-0.866025403784438));
#3501=DIRECTION('',(0.,1.,0.));
#3502=DIRECTION('',(0.866025403784438,0.,0.500000000000002));
#3503=DIRECTION('',(0.500000000000002,0.,-0.866025403784438));
#3504=DIRECTION('',(0.,-1.,0.));
#3505=DIRECTION('',(0.573576436351047,5.85292064356047E-17,0.819152044288991));
#3506=DIRECTION('',(0.819152044288991,0.,-0.573576436351047));
#3507=DIRECTION('',(-0.866025403784437,-8.83714469845387E-17,-0.500000000000002));
#3508=DIRECTION('',(-0.500000000000002,0.,0.866025403784437));
#3509=DIRECTION('',(0.0599152608792163,0.,-0.998203466991462));
#3510=DIRECTION('',(0.,-1.,0.));
#3511=DIRECTION('',(0.998203466991462,0.,0.0599152608792164));
#3512=DIRECTION('',(-0.866025403784435,0.,-0.500000000000007));
#3513=DIRECTION('',(-0.500000000000007,0.,0.866025403784435));
#3514=DIRECTION('',(0.550989871491495,0.,0.834511930120706));
#3515=DIRECTION('',(-0.834511930120705,0.,0.550989871491497));
#3516=DIRECTION('',(0.,-1.,0.));
#3517=DIRECTION('',(-0.476160681580639,0.,0.879358291776828));
#3518=DIRECTION('',(0.,-1.,0.));
#3519=DIRECTION('',(-0.879358291776829,0.,-0.476160681580638));
#3520=DIRECTION('',(0.573576436351049,0.,0.81915204428899));
#3521=DIRECTION('',(0.81915204428899,0.,-0.573576436351049));
#3522=DIRECTION('',(-0.146686429801585,0.,-0.989183042369846));
#3523=DIRECTION('',(0.989183042369845,0.,-0.146686429801593));
#3524=DIRECTION('',(0.,-1.,0.));
#3525=DIRECTION('',(1.020425574104E-16,-1.,0.));
#3526=DIRECTION('',(1.,1.020425574104E-16,0.));
#3527=DIRECTION('',(1.020425574104E-16,-1.,0.));
#3528=DIRECTION('',(1.,1.020425574104E-16,0.));
#3529=DIRECTION('',(0.,-1.,0.));
#3530=DIRECTION('',(0.,0.,-1.));
#3531=DIRECTION('',(1.020425574104E-16,-1.,0.));
#3532=DIRECTION('',(1.,1.020425574104E-16,0.));
#3533=DIRECTION('',(1.020425574104E-16,-1.,0.));
#3534=DIRECTION('',(1.,1.020425574104E-16,0.));
#3535=DIRECTION('',(0.,-1.,0.));
#3536=DIRECTION('',(0.,0.,-1.));
#3537=DIRECTION('',(1.020425574104E-16,-1.,0.));
#3538=DIRECTION('',(1.,1.020425574104E-16,0.));
#3539=DIRECTION('',(1.020425574104E-16,-1.,0.));
#3540=DIRECTION('',(1.,1.020425574104E-16,0.));
#3541=DIRECTION('',(0.,0.,-1.));
#3542=DIRECTION('',(0.,-1.,0.));
#3543=DIRECTION('',(0.,0.,-1.));
#3544=DIRECTION('',(0.,-1.,0.));
#3545=DIRECTION('',(0.,0.,-1.));
#3546=DIRECTION('',(0.,-1.,0.));
#3547=DIRECTION('',(0.,0.,-1.));
#3548=DIRECTION('',(0.,-1.,0.));
#3549=DIRECTION('',(0.,0.,-1.));
#3550=DIRECTION('',(-1.,-1.020425574104E-16,0.));
#3551=DIRECTION('',(1.020425574104E-16,-1.,0.));
#3552=DIRECTION('',(0.,0.,1.));
#3553=DIRECTION('',(1.,1.020425574104E-16,0.));
#3554=DIRECTION('',(-1.020425574104E-16,1.,0.));
#3555=DIRECTION('',(0.,0.,-1.));
#3556=DIRECTION('',(1.27553196763001E-16,-1.,0.));
#3557=DIRECTION('',(1.,1.27553196763001E-16,0.));
#3558=DIRECTION('',(0.,0.,-1.));
#3559=DIRECTION('',(0.,0.,1.));
#3560=DIRECTION('',(0.,0.,1.));
#3561=DIRECTION('',(1.,0.,0.));
#3562=DIRECTION('',(0.,0.,-1.));
#3563=DIRECTION('',(-1.,0.,0.));
#3564=DIRECTION('',(1.15648231731787E-16,-1.,0.));
#3565=DIRECTION('',(1.,1.15648231731787E-16,0.));
#3566=DIRECTION('',(0.866025403784439,1.00154306582477E-16,0.499999999999999));
#3567=DIRECTION('',(1.15648231731787E-16,-1.,0.));
#3568=DIRECTION('',(-1.,-1.15648231731787E-16,0.));
#3569=DIRECTION('',(-0.866025403784439,-1.00154306582477E-16,-0.499999999999999));
#3570=DIRECTION('',(-0.499999999999999,0.,0.866025403784439));
#3571=DIRECTION('',(0.866025403784439,0.,0.499999999999999));
#3572=DIRECTION('',(0.,1.,0.));
#3573=DIRECTION('',(0.,1.,0.));
#3574=DIRECTION('',(0.,0.,1.));
#3575=DIRECTION('',(0.,-1.,0.));
#3576=DIRECTION('',(0.,0.,-1.));
#3577=DIRECTION('',(0.,1.,0.));
#3578=DIRECTION('',(0.499999999999999,0.,-0.866025403784439));
#3579=DIRECTION('',(-0.866025403784439,0.,-0.499999999999999));
#3580=DIRECTION('',(1.15648231731787E-16,-1.,0.));
#3581=DIRECTION('',(1.,1.15648231731787E-16,0.));
#3582=DIRECTION('',(0.866025403784439,1.00154306582477E-16,-0.499999999999999));
#3583=DIRECTION('',(1.15648231731787E-16,-1.,0.));
#3584=DIRECTION('',(-1.,-1.15648231731787E-16,0.));
#3585=DIRECTION('',(-0.86602540378444,-1.00154306582477E-16,0.499999999999998));
#3586=DIRECTION('',(0.,1.,0.));
#3587=DIRECTION('',(0.,0.,1.));
#3588=DIRECTION('',(0.,1.,0.));
#3589=DIRECTION('',(0.,-1.,0.));
#3590=DIRECTION('',(0.,0.,-1.));
#3591=DIRECTION('',(0.,1.,0.));
#3592=DIRECTION('',(-0.499999999999998,0.,-0.86602540378444));
#3593=DIRECTION('',(-0.86602540378444,0.,0.499999999999998));
#3594=DIRECTION('',(0.5,0.,0.866025403784439));
#3595=DIRECTION('',(0.866025403784439,0.,-0.5));
#3596=DIRECTION('',(1.15648231731787E-16,-1.,0.));
#3597=DIRECTION('',(1.,1.15648231731787E-16,0.));
#3598=DIRECTION('',(-3.60296456312569E-16,-4.16676480717777E-32,1.));
#3599=DIRECTION('',(-1.15648231731787E-16,1.,0.));
#3600=DIRECTION('',(-1.,-1.15648231731787E-16,0.));
#3601=DIRECTION('',(-3.60296456312569E-16,-4.16676480717777E-32,-1.));
#3602=DIRECTION('',(-1.,0.,-3.60296456312569E-16));
#3603=DIRECTION('',(-3.60296456312569E-16,0.,1.));
#3604=DIRECTION('',(0.,1.,0.));
#3605=DIRECTION('',(1.,0.,-3.60296456312569E-16));
#3606=DIRECTION('',(-3.60296456312569E-16,0.,-1.));
#3607=DIRECTION('',(0.,1.,0.));
#3608=DIRECTION('',(0.,1.,0.));
#3609=DIRECTION('',(0.,0.,1.));
#3610=DIRECTION('',(0.,-1.,0.));
#3611=DIRECTION('',(0.,0.,-1.));
#3612=DIRECTION('',(1.15648231731787E-16,-1.,0.));
#3613=DIRECTION('',(1.,1.15648231731787E-16,0.));
#3614=DIRECTION('',(0.866025403784439,1.00154306582477E-16,0.499999999999999));
#3615=DIRECTION('',(-1.15648231731787E-16,1.,0.));
#3616=DIRECTION('',(-1.,-1.15648231731787E-16,0.));
#3617=DIRECTION('',(-0.866025403784439,-1.00154306582477E-16,-0.5));
#3618=DIRECTION('',(-0.499999999999999,0.,0.866025403784439));
#3619=DIRECTION('',(0.866025403784439,0.,0.499999999999999));
#3620=DIRECTION('',(0.,1.,0.));
#3621=DIRECTION('',(0.5,0.,-0.866025403784439));
#3622=DIRECTION('',(-0.866025403784439,0.,-0.5));
#3623=DIRECTION('',(0.,1.,0.));
#3624=DIRECTION('',(0.,1.,0.));
#3625=DIRECTION('',(0.,0.,1.));
#3626=DIRECTION('',(0.,-1.,0.));
#3627=DIRECTION('',(0.,0.,-1.));
#3628=DIRECTION('',(1.15648231731787E-16,-1.,0.));
#3629=DIRECTION('',(1.,1.15648231731787E-16,0.));
#3630=DIRECTION('',(0.866025403784437,1.00154306582477E-16,-0.500000000000004));
#3631=DIRECTION('',(-1.15648231731787E-16,1.,0.));
#3632=DIRECTION('',(-1.,-1.15648231731787E-16,0.));
#3633=DIRECTION('',(-0.866025403784436,-1.00154306582477E-16,0.500000000000004));
#3634=DIRECTION('',(0.500000000000004,0.,0.866025403784437));
#3635=DIRECTION('',(0.866025403784437,0.,-0.500000000000004));
#3636=DIRECTION('',(0.,1.,0.));
#3637=DIRECTION('',(-0.500000000000004,0.,-0.866025403784436));
#3638=DIRECTION('',(-0.866025403784436,0.,0.500000000000004));
#3639=DIRECTION('',(0.,1.,0.));
#3640=DIRECTION('',(0.,1.,0.));
#3641=DIRECTION('',(0.,0.,1.));
#3642=DIRECTION('',(0.,-1.,0.));
#3643=DIRECTION('',(0.,0.,-1.));
#3644=DIRECTION('',(1.15648231731787E-16,-1.,0.));
#3645=DIRECTION('',(1.,1.15648231731787E-16,0.));
#3646=DIRECTION('',(-3.72306338189655E-15,-4.30565696741703E-31,-1.));
#3647=DIRECTION('',(-1.15648231731787E-16,1.,0.));
#3648=DIRECTION('',(-1.,-1.15648231731787E-16,0.));
#3649=DIRECTION('',(-3.36276692558398E-15,-3.88898048669925E-31,1.));
#3650=DIRECTION('',(1.,0.,-3.72306338189655E-15));
#3651=DIRECTION('',(-3.72306338189655E-15,0.,-1.));
#3652=DIRECTION('',(0.,1.,0.));
#3653=DIRECTION('',(-1.,0.,-3.36276692558398E-15));
#3654=DIRECTION('',(-3.36276692558398E-15,0.,1.));
#3655=DIRECTION('',(0.,1.,0.));
#3656=DIRECTION('',(0.,1.,0.));
#3657=DIRECTION('',(0.,0.,1.));
#3658=DIRECTION('',(0.,-1.,0.));
#3659=DIRECTION('',(0.,0.,-1.));
#3660=DIRECTION('',(0.,-1.,0.));
#3661=DIRECTION('',(0.,0.,-1.));
#3662=DIRECTION('',(0.,-1.,0.));
#3663=DIRECTION('',(0.,0.,-1.));
#3664=DIRECTION('',(0.,1.,0.));
#3665=DIRECTION('',(1.,0.,0.));
#3666=DIRECTION('',(0.,1.,0.));
#3667=DIRECTION('',(0.,0.,1.));
#3668=DIRECTION('',(1.020425574104E-16,-1.,0.));
#3669=DIRECTION('',(1.,1.020425574104E-16,0.));
#3670=DIRECTION('',(1.020425574104E-16,-1.,0.));
#3671=DIRECTION('',(1.,1.020425574104E-16,0.));
#3672=DIRECTION('',(1.020425574104E-16,-1.,0.));
#3673=DIRECTION('',(1.,1.020425574104E-16,0.));
#3674=DIRECTION('',(1.020425574104E-16,-1.,0.));
#3675=DIRECTION('',(1.,1.020425574104E-16,0.));
#3676=DIRECTION('',(1.020425574104E-16,-1.,0.));
#3677=DIRECTION('',(1.,1.020425574104E-16,0.));
#3678=DIRECTION('',(1.020425574104E-16,-1.,0.));
#3679=DIRECTION('',(1.,1.020425574104E-16,0.));
#3680=DIRECTION('',(0.,-1.,0.));
#3681=DIRECTION('',(0.,0.,-1.));
#3682=DIRECTION('',(0.,-1.,0.));
#3683=DIRECTION('',(0.,0.,-1.));
#3684=DIRECTION('',(0.,-1.,0.));
#3685=DIRECTION('',(0.,0.,-1.));
#3686=DIRECTION('',(0.,-1.,0.));
#3687=DIRECTION('',(0.,0.,-1.));
#3688=DIRECTION('',(0.,-1.,0.));
#3689=DIRECTION('',(0.,0.,-1.));
#3690=DIRECTION('',(0.,-1.,0.));
#3691=DIRECTION('',(0.,0.,-1.));
#3692=DIRECTION('',(1.020425574104E-16,-1.,0.));
#3693=DIRECTION('',(1.,1.020425574104E-16,0.));
#3694=DIRECTION('',(-1.020425574104E-16,1.,0.));
#3695=DIRECTION('',(-1.,-1.020425574104E-16,0.));
#3696=DIRECTION('',(0.,1.,0.));
#3697=DIRECTION('',(0.,0.,1.));
#3698=DIRECTION('',(0.,-1.,0.));
#3699=DIRECTION('',(-3.3776543949131E-15,0.,1.));
#3700=DIRECTION('',(0.,-1.,0.));
#3701=DIRECTION('',(0.,0.,-1.));
#3702=DIRECTION('',(0.,-1.,0.));
#3703=DIRECTION('',(0.,0.,-1.));
#3704=CARTESIAN_POINT('',(0.,0.,0.));
#3705=CARTESIAN_POINT('',(0.,1.95,0.));
#3706=CARTESIAN_POINT('',(0.,1.95,0.));
#3707=CARTESIAN_POINT('',(-0.624999265285071,1.95,7.47391302587829));
#3708=CARTESIAN_POINT('',(-6.16009807231144,1.95,4.27822296514626));
#3709=CARTESIAN_POINT('',(-0.624999265285071,-0.55,7.47391302587829));
#3710=CARTESIAN_POINT('',(-0.624999265285071,-0.24625,7.47391302587829));
#3711=CARTESIAN_POINT('',(-0.624999265285071,-0.24625,7.47391302587829));
#3712=CARTESIAN_POINT('',(-0.624999265285071,-0.406849505679753,7.47391302587829));
#3713=CARTESIAN_POINT('',(-0.481693352652486,-0.550000000001498,7.4862381163733));
#3714=CARTESIAN_POINT('',(-0.32124926528546,-0.550000000001704,7.49311676871211));
#3715=CARTESIAN_POINT('',(-0.32124926528507,-0.55,7.49311676871206));
#3716=CARTESIAN_POINT('',(2.55106393526001E-16,-0.55,0.));
#3717=CARTESIAN_POINT('',(0.321250734714929,-0.55,7.49311670571366));
#3718=CARTESIAN_POINT('',(0.321250734714929,-0.55,7.49311670571366));
#3719=CARTESIAN_POINT('',(0.481701293223473,-0.55,7.48623774441749));
#3720=CARTESIAN_POINT('',(0.625000734714929,-0.406854339504505,7.47391290299839));
#3721=CARTESIAN_POINT('',(0.625000734714929,-0.24625,7.47391290299839));
#3722=CARTESIAN_POINT('',(0.625000734714928,-0.24625,7.47391290299839));
#3723=CARTESIAN_POINT('',(0.625000734714928,-0.55,7.47391290299839));
#3724=CARTESIAN_POINT('',(0.625000734714928,1.95,7.47391290299839));
#3725=CARTESIAN_POINT('',(0.,1.95,0.));
#3726=CARTESIAN_POINT('',(6.16009891344348,1.95,4.27822175402263));
#3727=CARTESIAN_POINT('',(6.16009891344348,-0.55,4.27822175402263));
#3728=CARTESIAN_POINT('',(6.16009891344348,-0.24625,4.27822175402263));
#3729=CARTESIAN_POINT('',(6.16009891344348,-0.24625,4.27822175402263));
#3730=CARTESIAN_POINT('',(6.16009891344348,-0.406849505679753,4.27822175402263));
#3731=CARTESIAN_POINT('',(6.2424257112324,-0.550000000001498,4.1602777384178));
#3732=CARTESIAN_POINT('',(6.32860484258512,-0.550000000001704,4.02476840904035));
#3733=CARTESIAN_POINT('',(6.32860484258527,-0.55,4.02476840903999));
#3734=CARTESIAN_POINT('',(1.27553196763001E-16,-0.55,-2.20928617461347E-16));
#3735=CARTESIAN_POINT('',(6.64985478802706,-0.55,3.46834705560929));
#3736=CARTESIAN_POINT('',(6.64985478802706,-0.55,3.46834705560929));
#3737=CARTESIAN_POINT('',(6.7241227120472,-0.55,3.3259533152414));
#3738=CARTESIAN_POINT('',(6.78509880702637,-0.406854339504505,3.19568993785213));
#3739=CARTESIAN_POINT('',(6.78509880702637,-0.24625,3.19568993785213));
#3740=CARTESIAN_POINT('',(6.78509880702637,-0.24625,3.19568993785213));
#3741=CARTESIAN_POINT('',(6.78509880702637,-0.55,3.19568993785213));
#3742=CARTESIAN_POINT('',(6.78509880702637,1.95,3.19568993785213));
#3743=CARTESIAN_POINT('',(0.,1.95,0.));
#3744=CARTESIAN_POINT('',(6.78509817872855,1.95,-3.19569127185566));
#3745=CARTESIAN_POINT('',(6.78509817872855,-0.55,-3.19569127185566));
#3746=CARTESIAN_POINT('',(6.78509817872855,-0.24625,-3.19569127185566));
#3747=CARTESIAN_POINT('',(6.78509817872856,-0.24625,-3.19569127185566));
#3748=CARTESIAN_POINT('',(6.78509817872856,-0.406849505679752,-3.19569127185566));
#3749=CARTESIAN_POINT('',(6.72411906388489,-0.550000000001498,-3.3259603779555));
#3750=CARTESIAN_POINT('',(6.64985410787058,-0.550000000001704,-3.46834835967176));
#3751=CARTESIAN_POINT('',(6.64985410787034,-0.55,-3.46834835967207));
#3752=CARTESIAN_POINT('',(-1.27553196763E-16,-0.55,-2.20928617461347E-16));
#3753=CARTESIAN_POINT('',(6.32860405331213,-0.55,-4.02476965010437));
#3754=CARTESIAN_POINT('',(6.32860405331213,-0.55,-4.02476965010437));
#3755=CARTESIAN_POINT('',(6.24242141882373,-0.55,-4.16028442917609));
#3756=CARTESIAN_POINT('',(6.16009807231144,-0.406854339504505,-4.27822296514626));
#3757=CARTESIAN_POINT('',(6.16009807231144,-0.24625,-4.27822296514626));
#3758=CARTESIAN_POINT('',(6.16009807231144,-0.24625,-4.27822296514626));
#3759=CARTESIAN_POINT('',(6.16009807231144,-0.55,-4.27822296514626));
#3760=CARTESIAN_POINT('',(6.16009807231144,1.95,-4.27822296514626));
#3761=CARTESIAN_POINT('',(0.,1.95,0.));
#3762=CARTESIAN_POINT('',(0.624999265285072,1.95,-7.47391302587829));
#3763=CARTESIAN_POINT('',(0.624999265285072,-0.55,-7.47391302587829));
#3764=CARTESIAN_POINT('',(0.624999265285072,-0.24625,-7.47391302587829));
#3765=CARTESIAN_POINT('',(0.624999265285072,-0.24625,-7.47391302587829));
#3766=CARTESIAN_POINT('',(0.624999265285072,-0.406849505679753,-7.47391302587829));
#3767=CARTESIAN_POINT('',(0.481693352652487,-0.550000000001498,-7.4862381163733));
#3768=CARTESIAN_POINT('',(0.321249265285461,-0.550000000001704,-7.49311676871211));
#3769=CARTESIAN_POINT('',(0.321249265285071,-0.55,-7.49311676871206));
#3770=CARTESIAN_POINT('',(-2.55106393526001E-16,-0.55,-3.12415228273642E-32));
#3771=CARTESIAN_POINT('',(-0.321250734714928,-0.55,-7.49311670571366));
#3772=CARTESIAN_POINT('',(-0.321250734714928,-0.55,-7.49311670571366));
#3773=CARTESIAN_POINT('',(-0.481701293223472,-0.55,-7.48623774441749));
#3774=CARTESIAN_POINT('',(-0.625000734714928,-0.406854339504505,-7.47391290299839));
#3775=CARTESIAN_POINT('',(-0.625000734714928,-0.24625,-7.47391290299839));
#3776=CARTESIAN_POINT('',(-0.625000734714927,-0.24625,-7.47391290299839));
#3777=CARTESIAN_POINT('',(-0.625000734714927,-0.55,-7.47391290299839));
#3778=CARTESIAN_POINT('',(-0.625000734714927,1.95,-7.47391290299839));
#3779=CARTESIAN_POINT('',(0.,1.95,0.));
#3780=CARTESIAN_POINT('',(-6.16009891344348,1.95,-4.27822175402263));
#3781=CARTESIAN_POINT('',(-6.16009891344348,-0.55,-4.27822175402263));
#3782=CARTESIAN_POINT('',(-6.16009891344348,-0.24625,-4.27822175402263));
#3783=CARTESIAN_POINT('',(-6.16009891344348,-0.24625,-4.27822175402263));
#3784=CARTESIAN_POINT('',(-6.16009891344348,-0.406849505679753,-4.27822175402263));
#3785=CARTESIAN_POINT('',(-6.2424257112324,-0.550000000001498,-4.1602777384178));
#3786=CARTESIAN_POINT('',(-6.32860484258512,-0.550000000001704,-4.02476840904035));
#3787=CARTESIAN_POINT('',(-6.32860484258527,-0.55,-4.02476840903999));
#3788=CARTESIAN_POINT('',(-1.27553196763001E-16,-0.55,2.20928617461347E-16));
#3789=CARTESIAN_POINT('',(-6.64985478802706,-0.55,-3.46834705560929));
#3790=CARTESIAN_POINT('',(-6.64985478802706,-0.55,-3.46834705560929));
#3791=CARTESIAN_POINT('',(-6.7241227120472,-0.55,-3.3259533152414));
#3792=CARTESIAN_POINT('',(-6.78509880702637,-0.406854339504505,-3.19568993785213));
#3793=CARTESIAN_POINT('',(-6.78509880702637,-0.24625,-3.19568993785213));
#3794=CARTESIAN_POINT('',(-6.78509880702637,-0.24625,-3.19568993785213));
#3795=CARTESIAN_POINT('',(-6.78509880702637,-0.55,-3.19568993785213));
#3796=CARTESIAN_POINT('',(-6.78509880702637,1.95,-3.19568993785213));
#3797=CARTESIAN_POINT('',(0.,1.95,0.));
#3798=CARTESIAN_POINT('',(-6.78509817872856,1.95,3.19569127185566));
#3799=CARTESIAN_POINT('',(-6.78509817872856,-0.55,3.19569127185566));
#3800=CARTESIAN_POINT('',(-6.78509817872856,-0.24625,3.19569127185566));
#3801=CARTESIAN_POINT('',(-6.78509817872856,-0.24625,3.19569127185566));
#3802=CARTESIAN_POINT('',(-6.78509817872856,-0.406849505679753,3.19569127185566));
#3803=CARTESIAN_POINT('',(-6.72411906388489,-0.550000000001498,3.3259603779555));
#3804=CARTESIAN_POINT('',(-6.64985410787058,-0.550000000001704,3.46834835967175));
#3805=CARTESIAN_POINT('',(-6.64985410787034,-0.55,3.46834835967207));
#3806=CARTESIAN_POINT('',(1.27553196763E-16,-0.55,2.20928617461347E-16));
#3807=CARTESIAN_POINT('',(-6.32860405331213,-0.55,4.02476965010437));
#3808=CARTESIAN_POINT('',(-6.32860405331213,-0.55,4.02476965010437));
#3809=CARTESIAN_POINT('',(-6.24242141882373,-0.55,4.16028442917608));
#3810=CARTESIAN_POINT('',(-6.16009807231144,-0.406854339504505,4.27822296514626));
#3811=CARTESIAN_POINT('',(-6.16009807231144,-0.24625,4.27822296514626));
#3812=CARTESIAN_POINT('',(-6.16009807231144,-0.24625,4.27822296514626));
#3813=CARTESIAN_POINT('',(-6.16009807231144,-0.55,4.27822296514626));
#3814=CARTESIAN_POINT('',(0.619999999999999,0.8,7.47432940135769));
#3815=CARTESIAN_POINT('',(0.619999999999999,0.8,7.47432940135769));
#3816=CARTESIAN_POINT('',(0.619999999999999,2.05,7.47432940135769));
#3817=CARTESIAN_POINT('',(0.,0.8,0.));
#3818=CARTESIAN_POINT('',(-0.619999999999997,0.8,7.47432940135769));
#3819=CARTESIAN_POINT('',(-0.619999999999997,0.8,7.47432940135769));
#3820=CARTESIAN_POINT('',(-0.619999999999997,2.05,7.47432940135769));
#3821=CARTESIAN_POINT('',(0.,2.05,0.));
#3822=CARTESIAN_POINT('',(-6.16295913782869,2.05,4.2741004510252));
#3823=CARTESIAN_POINT('',(-6.16295913782869,0.799999999999999,4.2741004510252));
#3824=CARTESIAN_POINT('',(-6.16295913782869,0.799999999999999,4.2741004510252));
#3825=CARTESIAN_POINT('',(0.,0.8,0.));
#3826=CARTESIAN_POINT('',(-6.7829591378287,0.799999999999999,3.20022895033249));
#3827=CARTESIAN_POINT('',(-6.78295913782869,0.799999999999999,3.20022895033249));
#3828=CARTESIAN_POINT('',(-6.78295913782869,2.05,3.20022895033249));
#3829=CARTESIAN_POINT('',(0.,2.05,0.));
#3830=CARTESIAN_POINT('',(-6.78295913782869,2.05,-3.20022895033249));
#3831=CARTESIAN_POINT('',(-6.78295913782869,0.799999999999999,-3.20022895033249));
#3832=CARTESIAN_POINT('',(-6.78295913782869,0.799999999999999,-3.20022895033249));
#3833=CARTESIAN_POINT('',(0.,0.8,0.));
#3834=CARTESIAN_POINT('',(-6.1629591378287,0.799999999999999,-4.27410045102519));
#3835=CARTESIAN_POINT('',(-6.16295913782869,0.799999999999999,-4.2741004510252));
#3836=CARTESIAN_POINT('',(-6.16295913782869,2.05,-4.2741004510252));
#3837=CARTESIAN_POINT('',(0.,2.05,0.));
#3838=CARTESIAN_POINT('',(-0.619999999999997,2.05,-7.47432940135769));
#3839=CARTESIAN_POINT('',(-0.619999999999997,0.8,-7.47432940135769));
#3840=CARTESIAN_POINT('',(-0.619999999999997,0.8,-7.47432940135769));
#3841=CARTESIAN_POINT('',(0.,0.8,0.));
#3842=CARTESIAN_POINT('',(0.619999999999999,0.8,-7.47432940135769));
#3843=CARTESIAN_POINT('',(0.619999999999999,0.8,-7.47432940135769));
#3844=CARTESIAN_POINT('',(0.619999999999999,2.05,-7.47432940135769));
#3845=CARTESIAN_POINT('',(0.,2.05,0.));
#3846=CARTESIAN_POINT('',(6.1629591378287,2.05,-4.27410045102519));
#3847=CARTESIAN_POINT('',(6.1629591378287,0.800000000000001,-4.27410045102519));
#3848=CARTESIAN_POINT('',(6.1629591378287,0.800000000000001,-4.27410045102519));
#3849=CARTESIAN_POINT('',(0.,0.8,0.));
#3850=CARTESIAN_POINT('',(6.78295913782869,0.8,-3.2002289503325));
#3851=CARTESIAN_POINT('',(6.78295913782869,0.800000000000001,-3.2002289503325));
#3852=CARTESIAN_POINT('',(6.78295913782869,2.05,-3.2002289503325));
#3853=CARTESIAN_POINT('',(0.,2.05,0.));
#3854=CARTESIAN_POINT('',(6.7829591378287,2.05,3.20022895033249));
#3855=CARTESIAN_POINT('',(6.7829591378287,0.800000000000001,3.20022895033249));
#3856=CARTESIAN_POINT('',(6.7829591378287,0.800000000000001,3.20022895033249));
#3857=CARTESIAN_POINT('',(0.,0.8,0.));
#3858=CARTESIAN_POINT('',(6.1629591378287,0.8,4.27410045102519));
#3859=CARTESIAN_POINT('',(6.1629591378287,0.800000000000001,4.27410045102519));
#3860=CARTESIAN_POINT('',(6.1629591378287,2.05,4.27410045102519));
#3861=CARTESIAN_POINT('',(0.,2.05,0.));
#3862=CARTESIAN_POINT('',(0.,1.95,0.));
#3863=CARTESIAN_POINT('',(-6.78509880702637,1.95,-3.19568993785213));
#3864=CARTESIAN_POINT('',(-7.56694938580155,1.95,-3.64709157997405));
#3865=CARTESIAN_POINT('',(-1.020425574104E-17,1.95,0.));
#3866=CARTESIAN_POINT('',(-7.5669487460346,1.95,3.64709290735586));
#3867=CARTESIAN_POINT('',(-7.65378916097439,1.95,3.69723024429789));
#3868=CARTESIAN_POINT('',(-6.31197307231144,-0.24625,4.01516774874673));
#3869=CARTESIAN_POINT('',(0.160625367357464,-0.55,0.278211297247544));
#3870=CARTESIAN_POINT('',(-7.19533129877944,-0.55,4.5251748585889));
#3871=CARTESIAN_POINT('',(-7.02878906714956,-0.24625,4.77976194485864));
#3872=CARTESIAN_POINT('',(-7.02878906714956,-0.406815395021025,4.77976194485864));
#3873=CARTESIAN_POINT('',(-7.10985386591758,-0.550000000001443,4.66108970546897));
#3874=CARTESIAN_POINT('',(-7.19533129877929,-0.550000000001641,4.52517485858924));
#3875=CARTESIAN_POINT('',(-7.02878906714955,-0.24625,4.77976194485864));
#3876=CARTESIAN_POINT('',(-6.16009807231144,-0.24625,4.27822296514626));
#3877=CARTESIAN_POINT('',(-7.50191416097439,-0.24625,3.96028546069741));
#3878=CARTESIAN_POINT('',(-7.51658134690924,-0.55,3.96875356444515));
#3879=CARTESIAN_POINT('',(-7.59155072188095,-0.55,3.82676606223536));
#3880=CARTESIAN_POINT('',(-7.65378916097561,-0.406819149215072,3.69723024429734));
#3881=CARTESIAN_POINT('',(-7.65378916097567,-0.246250000000261,3.69723024429722));
#3882=CARTESIAN_POINT('',(-7.51658134690924,-0.55,3.96875356444515));
#3883=CARTESIAN_POINT('',(-7.65378916097438,-0.24625,3.69723024429789));
#3884=CARTESIAN_POINT('',(-0.160624632642535,-0.55,-0.278210024683957));
#3885=CARTESIAN_POINT('',(-7.65378916097439,-0.24625,3.69723024429789));
#3886=CARTESIAN_POINT('',(-6.16009807231144,-0.55,4.27822296514626));
#3887=CARTESIAN_POINT('',(-7.02878906714955,-0.55,4.77976194485864));
#3888=CARTESIAN_POINT('',(-7.02878906714955,1.85,4.77976194485864));
#3889=CARTESIAN_POINT('',(-7.02878906714956,1.85,4.77976194485865));
#3890=CARTESIAN_POINT('',(-7.02878906714956,1.90289518624509,4.77976194485865));
#3891=CARTESIAN_POINT('',(-6.98775369405176,1.95000000000047,4.75607016115434));
#3892=CARTESIAN_POINT('',(-6.94194865108673,1.95000000000054,4.72962460726823));
#3893=CARTESIAN_POINT('',(-6.94194865108662,1.95,4.72962460726817));
#3894=CARTESIAN_POINT('',(-6.16009807231144,1.95,4.27822296514626));
#3895=CARTESIAN_POINT('',(-7.65378916097439,-0.55,3.69723024429789));
#3896=CARTESIAN_POINT('',(-7.5669487460346,1.95,3.64709290735586));
#3897=CARTESIAN_POINT('',(-7.61275594401661,1.95,3.6735397054416));
#3898=CARTESIAN_POINT('',(-7.65378916097471,1.90289772339826,3.69723024429807));
#3899=CARTESIAN_POINT('',(-7.65378916097475,1.85000000000009,3.69723024429809));
#3900=CARTESIAN_POINT('',(-7.65378916097438,1.85,3.69723024429789));
#3901=CARTESIAN_POINT('',(-7.65378916097438,-0.55,3.69723024429789));
#3902=CARTESIAN_POINT('',(2.80617032878601E-17,-0.55,4.86042958414964E-17));
#3903=CARTESIAN_POINT('',(2.80617032878601E-17,-0.55,4.86042958414964E-17));
#3904=CARTESIAN_POINT('',(0.,1.95,0.));
#3905=CARTESIAN_POINT('',(-0.625000734714928,1.95,-7.47391290299839));
#3906=CARTESIAN_POINT('',(-0.625000734714928,1.95,-8.37671618724222));
#3907=CARTESIAN_POINT('',(-1.020425574104E-17,1.95,0.));
#3908=CARTESIAN_POINT('',(-6.94194948074952,1.95,-4.72962338952283));
#3909=CARTESIAN_POINT('',(-7.02878989568931,1.95,-4.77976072646486));
#3910=CARTESIAN_POINT('',(-6.63322380702637,-0.24625,-3.45874515425165));
#3911=CARTESIAN_POINT('',(-0.160625367357464,-0.55,0.278211297247544));
#3912=CARTESIAN_POINT('',(-7.51658203349436,-0.55,-3.96875226409382));
#3913=CARTESIAN_POINT('',(-7.65378980186448,-0.24625,-3.69722891756452));
#3914=CARTESIAN_POINT('',(-7.65378980186448,-0.406815395021025,-3.69722891756452));
#3915=CARTESIAN_POINT('',(-7.59154902721305,-0.550000000001443,-3.82676921234513));
#3916=CARTESIAN_POINT('',(-7.51658203349458,-0.550000000001641,-3.96875226409352));
#3917=CARTESIAN_POINT('',(-7.65378980186448,-0.24625,-3.69722891756452));
#3918=CARTESIAN_POINT('',(-6.78509880702637,-0.24625,-3.19568993785213));
#3919=CARTESIAN_POINT('',(-7.18066489568931,-0.24625,-4.51670551006533));
#3920=CARTESIAN_POINT('',(-7.19533208162416,-0.55,-4.52517361381308));
#3921=CARTESIAN_POINT('',(-7.10985198517644,-0.55,-4.66109274814931));
#3922=CARTESIAN_POINT('',(-7.02878989568945,-0.406819149215072,-4.77976072646619));
#3923=CARTESIAN_POINT('',(-7.02878989568938,-0.246250000000261,-4.77976072646631));
#3924=CARTESIAN_POINT('',(-7.19533208162416,-0.55,-4.52517361381308));
#3925=CARTESIAN_POINT('',(-7.02878989568932,-0.24625,-4.77976072646485));
#3926=CARTESIAN_POINT('',(0.160624632642535,-0.55,-0.278210024683957));
#3927=CARTESIAN_POINT('',(-7.02878989568931,-0.24625,-4.77976072646486));
#3928=CARTESIAN_POINT('',(-6.78509880702637,-0.55,-3.19568993785213));
#3929=CARTESIAN_POINT('',(-7.65378980186448,-0.55,-3.69722891756452));
#3930=CARTESIAN_POINT('',(-7.65378980186448,1.85,-3.69722891756452));
#3931=CARTESIAN_POINT('',(-7.65378980186448,1.85,-3.69722891756452));
#3932=CARTESIAN_POINT('',(-7.65378980186448,1.90289518624509,-3.69722891756452));
#3933=CARTESIAN_POINT('',(-7.61275442876669,1.95000000000047,-3.67353713386021));
#3934=CARTESIAN_POINT('',(-7.56694938580166,1.95000000000054,-3.64709157997411));
#3935=CARTESIAN_POINT('',(-7.02878989568931,-0.55,-4.77976072646486));
#3936=CARTESIAN_POINT('',(-6.94194948074952,1.95,-4.72962338952283));
#3937=CARTESIAN_POINT('',(-6.98775667873154,1.95,-4.75607018760857));
#3938=CARTESIAN_POINT('',(-7.02878989568963,1.90289772339826,-4.77976072646504));
#3939=CARTESIAN_POINT('',(-7.02878989568967,1.85000000000009,-4.77976072646507));
#3940=CARTESIAN_POINT('',(-7.02878989568932,1.85,-4.77976072646485));
#3941=CARTESIAN_POINT('',(-7.02878989568932,-0.55,-4.77976072646485));
#3942=CARTESIAN_POINT('',(-2.80617032878602E-17,-0.55,4.86042958414964E-17));
#3943=CARTESIAN_POINT('',(-2.80617032878602E-17,-0.55,4.86042958414964E-17));
#3944=CARTESIAN_POINT('',(0.,1.95,0.));
#3945=CARTESIAN_POINT('',(6.16009807231144,1.95,-4.27822296514626));
#3946=CARTESIAN_POINT('',(6.94194865108662,1.95,-4.72962460726818));
#3947=CARTESIAN_POINT('',(-1.020425574104E-17,1.95,0.));
#3948=CARTESIAN_POINT('',(0.624999265285072,1.95,-8.3767162968787));
#3949=CARTESIAN_POINT('',(0.624999265285072,1.95,-8.47699097076275));
#3950=CARTESIAN_POINT('',(-0.321250734714928,-0.24625,-7.47391290299839));
#3951=CARTESIAN_POINT('',(-0.321250734714929,-0.55,-3.93418683992373E-17));
#3952=CARTESIAN_POINT('',(-0.321250734714928,-0.55,-8.49392712268272));
#3953=CARTESIAN_POINT('',(-0.625000734714928,-0.24625,-8.47699086242316));
#3954=CARTESIAN_POINT('',(-0.625000734714928,-0.406815395021025,-8.47699086242316));
#3955=CARTESIAN_POINT('',(-0.481695161295476,-0.550000000001443,-8.48785891781411));
#3956=CARTESIAN_POINT('',(-0.321250734715301,-0.550000000001641,-8.49392712268276));
#3957=CARTESIAN_POINT('',(-0.62500073471493,-0.24625,-8.47699086242316));
#3958=CARTESIAN_POINT('',(-0.625000734714928,-0.24625,-7.47391290299839));
#3959=CARTESIAN_POINT('',(0.321249265285071,-0.24625,-8.47699097076275));
#3960=CARTESIAN_POINT('',(0.321249265285071,-0.55,-8.49392717825823));
#3961=CARTESIAN_POINT('',(0.481698736704502,-0.55,-8.48785881038467));
#3962=CARTESIAN_POINT('',(0.624999265286157,-0.406819149215072,-8.47699097076354));
#3963=CARTESIAN_POINT('',(0.624999265286295,-0.246250000000261,-8.47699097076353));
#3964=CARTESIAN_POINT('',(0.321249265285071,-0.55,-8.49392717825823));
#3965=CARTESIAN_POINT('',(0.624999265285065,-0.24625,-8.47699097076275));
#3966=CARTESIAN_POINT('',(0.32124926528507,-0.55,3.934168844598E-17));
#3967=CARTESIAN_POINT('',(0.624999265285072,-0.24625,-8.47699097076275));
#3968=CARTESIAN_POINT('',(-0.625000734714928,-0.55,-7.47391290299839));
#3969=CARTESIAN_POINT('',(-0.62500073471493,-0.55,-8.47699086242316));
#3970=CARTESIAN_POINT('',(-0.625000734714929,1.85,-8.47699086242316));
#3971=CARTESIAN_POINT('',(-0.625000734714929,1.85,-8.47699086242316));
#3972=CARTESIAN_POINT('',(-0.625000734714929,1.9028951862451,-8.47699086242316));
#3973=CARTESIAN_POINT('',(-0.625000734714928,1.95000000000047,-8.42960729501455));
#3974=CARTESIAN_POINT('',(-0.625000734714928,1.95000000000054,-8.37671618724234));
#3975=CARTESIAN_POINT('',(0.624999265285072,-0.55,-8.47699097076275));
#3976=CARTESIAN_POINT('',(0.624999265285072,1.95,-8.3767162968787));
#3977=CARTESIAN_POINT('',(0.624999265285072,1.95,-8.42960989305017));
#3978=CARTESIAN_POINT('',(0.624999265285072,1.90289772339826,-8.47699097076312));
#3979=CARTESIAN_POINT('',(0.624999265285072,1.85000000000009,-8.47699097076316));
#3980=CARTESIAN_POINT('',(0.624999265285066,1.85,-8.47699097076275));
#3981=CARTESIAN_POINT('',(0.624999265285065,-0.55,-8.47699097076275));
#3982=CARTESIAN_POINT('',(-5.61234065757203E-17,-0.55,-6.87313502202013E-33));
#3983=CARTESIAN_POINT('',(-5.61234065757203E-17,-0.55,-6.87313502202013E-33));
#3984=CARTESIAN_POINT('',(0.,1.95,0.));
#3985=CARTESIAN_POINT('',(6.78509880702637,1.95,3.19568993785213));
#3986=CARTESIAN_POINT('',(7.56694938580155,1.95,3.64709157997404));
#3987=CARTESIAN_POINT('',(-1.020425574104E-17,1.95,0.));
#3988=CARTESIAN_POINT('',(7.5669487460346,1.95,-3.64709290735587));
#3989=CARTESIAN_POINT('',(7.65378916097438,1.95,-3.69723024429789));
#3990=CARTESIAN_POINT('',(6.31197307231144,-0.24625,-4.01516774874674));
#3991=CARTESIAN_POINT('',(-0.160625367357464,-0.55,-0.278211297247544));
#3992=CARTESIAN_POINT('',(7.19533129877943,-0.55,-4.5251748585889));
#3993=CARTESIAN_POINT('',(7.02878906714955,-0.24625,-4.77976194485865));
#3994=CARTESIAN_POINT('',(7.02878906714955,-0.406815395021025,-4.77976194485865));
#3995=CARTESIAN_POINT('',(7.10985386591757,-0.550000000001443,-4.66108970546898));
#3996=CARTESIAN_POINT('',(7.19533129877928,-0.550000000001641,-4.52517485858925));
#3997=CARTESIAN_POINT('',(7.02878906714955,-0.24625,-4.77976194485865));
#3998=CARTESIAN_POINT('',(6.16009807231144,-0.24625,-4.27822296514626));
#3999=CARTESIAN_POINT('',(7.50191416097438,-0.24625,-3.96028546069741));
#4000=CARTESIAN_POINT('',(7.51658134690924,-0.55,-3.96875356444516));
#4001=CARTESIAN_POINT('',(7.59155072188094,-0.55,-3.82676606223537));
#4002=CARTESIAN_POINT('',(7.65378916097561,-0.406819149215072,-3.69723024429735));
#4003=CARTESIAN_POINT('',(7.65378916097567,-0.246250000000261,-3.69723024429722));
#4004=CARTESIAN_POINT('',(7.51658134690924,-0.55,-3.96875356444516));
#4005=CARTESIAN_POINT('',(7.65378916097438,-0.24625,-3.6972302442979));
#4006=CARTESIAN_POINT('',(0.160624632642535,-0.55,0.278210024683957));
#4007=CARTESIAN_POINT('',(7.65378916097438,-0.24625,-3.69723024429789));
#4008=CARTESIAN_POINT('',(6.16009807231144,-0.55,-4.27822296514626));
#4009=CARTESIAN_POINT('',(7.02878906714955,-0.55,-4.77976194485865));
#4010=CARTESIAN_POINT('',(7.02878906714955,1.85,-4.77976194485865));
#4011=CARTESIAN_POINT('',(7.02878906714955,1.85,-4.77976194485865));
#4012=CARTESIAN_POINT('',(7.02878906714955,1.9028951862451,-4.77976194485865));
#4013=CARTESIAN_POINT('',(6.98775369405176,1.95000000000048,-4.75607016115434));
#4014=CARTESIAN_POINT('',(6.94194865108673,1.95000000000054,-4.72962460726824));
#4015=CARTESIAN_POINT('',(7.65378916097438,-0.55,-3.69723024429789));
#4016=CARTESIAN_POINT('',(7.5669487460346,1.95,-3.64709290735587));
#4017=CARTESIAN_POINT('',(7.61275594401661,1.95,-3.6735397054416));
#4018=CARTESIAN_POINT('',(7.6537891609747,1.90289772339826,-3.69723024429807));
#4019=CARTESIAN_POINT('',(7.65378916097475,1.85000000000009,-3.6972302442981));
#4020=CARTESIAN_POINT('',(7.65378916097438,1.85,-3.6972302442979));
#4021=CARTESIAN_POINT('',(7.65378916097438,-0.55,-3.6972302442979));
#4022=CARTESIAN_POINT('',(-2.80617032878601E-17,-0.55,-4.86042958414964E-17));
#4023=CARTESIAN_POINT('',(-2.80617032878601E-17,-0.55,-4.86042958414964E-17));
#4024=CARTESIAN_POINT('',(0.,1.95,0.));
#4025=CARTESIAN_POINT('',(0.625000734714929,1.95,7.47391290299839));
#4026=CARTESIAN_POINT('',(0.625000734714929,1.95,8.37671618724222));
#4027=CARTESIAN_POINT('',(-1.020425574104E-17,1.95,0.));
#4028=CARTESIAN_POINT('',(6.94194948074953,1.95,4.72962338952283));
#4029=CARTESIAN_POINT('',(7.02878989568931,1.95,4.77976072646485));
#4030=CARTESIAN_POINT('',(6.63322380702637,-0.24625,3.45874515425165));
#4031=CARTESIAN_POINT('',(0.160625367357464,-0.55,-0.278211297247544));
#4032=CARTESIAN_POINT('',(7.51658203349436,-0.55,3.96875226409382));
#4033=CARTESIAN_POINT('',(7.65378980186448,-0.24625,3.69722891756451));
#4034=CARTESIAN_POINT('',(7.65378980186448,-0.406815395021025,3.69722891756451));
#4035=CARTESIAN_POINT('',(7.59154902721305,-0.550000000001443,3.82676921234513));
#4036=CARTESIAN_POINT('',(7.51658203349458,-0.550000000001641,3.96875226409351));
#4037=CARTESIAN_POINT('',(7.65378980186448,-0.24625,3.69722891756451));
#4038=CARTESIAN_POINT('',(6.78509880702637,-0.24625,3.19568993785213));
#4039=CARTESIAN_POINT('',(7.18066489568931,-0.24625,4.51670551006533));
#4040=CARTESIAN_POINT('',(7.19533208162417,-0.55,4.52517361381307));
#4041=CARTESIAN_POINT('',(7.10985198517644,-0.55,4.66109274814931));
#4042=CARTESIAN_POINT('',(7.02878989568946,-0.406819149215072,4.77976072646619));
#4043=CARTESIAN_POINT('',(7.02878989568938,-0.246250000000261,4.77976072646631));
#4044=CARTESIAN_POINT('',(7.19533208162416,-0.55,4.52517361381307));
#4045=CARTESIAN_POINT('',(7.02878989568932,-0.24625,4.77976072646485));
#4046=CARTESIAN_POINT('',(-0.160624632642535,-0.55,0.278210024683957));
#4047=CARTESIAN_POINT('',(7.02878989568931,-0.24625,4.77976072646485));
#4048=CARTESIAN_POINT('',(6.78509880702637,-0.55,3.19568993785213));
#4049=CARTESIAN_POINT('',(7.65378980186448,-0.55,3.69722891756451));
#4050=CARTESIAN_POINT('',(7.65378980186448,1.85,3.69722891756451));
#4051=CARTESIAN_POINT('',(7.65378980186448,1.85,3.69722891756451));
#4052=CARTESIAN_POINT('',(7.65378980186448,1.9028951862451,3.69722891756451));
#4053=CARTESIAN_POINT('',(7.61275442876669,1.95000000000048,3.67353713386021));
#4054=CARTESIAN_POINT('',(7.56694938580166,1.95000000000054,3.6470915799741));
#4055=CARTESIAN_POINT('',(7.02878989568931,-0.55,4.77976072646485));
#4056=CARTESIAN_POINT('',(6.94194948074953,1.95,4.72962338952283));
#4057=CARTESIAN_POINT('',(6.98775667873154,1.95,4.75607018760857));
#4058=CARTESIAN_POINT('',(7.02878989568963,1.90289772339826,4.77976072646504));
#4059=CARTESIAN_POINT('',(7.02878989568967,1.85000000000009,4.77976072646506));
#4060=CARTESIAN_POINT('',(7.02878989568932,1.85,4.77976072646485));
#4061=CARTESIAN_POINT('',(7.02878989568932,-0.55,4.77976072646485));
#4062=CARTESIAN_POINT('',(2.80617032878601E-17,-0.55,-4.86042958414964E-17));
#4063=CARTESIAN_POINT('',(2.80617032878601E-17,-0.55,-4.86042958414964E-17));
#4064=CARTESIAN_POINT('',(0.,2.05,0.));
#4065=CARTESIAN_POINT('',(0.,-1.3,0.));
#4066=CARTESIAN_POINT('',(0.,-1.3,-8.5));
#4067=CARTESIAN_POINT('',(-0.624999265285064,-0.55,8.47699097076275));
#4068=CARTESIAN_POINT('',(-0.624999265285064,-0.24625,8.47699097076275));
#4069=CARTESIAN_POINT('',(-0.624999265285065,1.85,8.47699097076275));
#4070=CARTESIAN_POINT('',(0.,1.85,0.));
#4071=CARTESIAN_POINT('',(0.,1.85,0.));
#4072=CARTESIAN_POINT('',(0.,1.85,0.));
#4073=CARTESIAN_POINT('',(0.,1.85,0.));
#4074=CARTESIAN_POINT('',(0.,1.85,0.));
#4075=CARTESIAN_POINT('',(0.,1.85,0.));
#4076=CARTESIAN_POINT('',(0.62500073471493,1.85,8.47699086242316));
#4077=CARTESIAN_POINT('',(0.625000734714931,-0.55,8.47699086242316));
#4078=CARTESIAN_POINT('',(0.625000734714931,-0.24625,8.47699086242316));
#4079=CARTESIAN_POINT('',(0.625000734714929,-0.24625,8.47699086242316));
#4080=CARTESIAN_POINT('',(0.625000734714929,-0.406815395021025,8.47699086242316));
#4081=CARTESIAN_POINT('',(0.481695161295477,-0.550000000001443,8.48785891781411));
#4082=CARTESIAN_POINT('',(0.321250734715302,-0.550000000001641,8.49392712268276));
#4083=CARTESIAN_POINT('',(0.321250734714929,-0.55,8.49392712268272));
#4084=CARTESIAN_POINT('',(5.61234065757203E-17,-0.55,0.));
#4085=CARTESIAN_POINT('',(-0.32124926528507,-0.55,8.49392717825823));
#4086=CARTESIAN_POINT('',(-0.32124926528507,-0.55,8.49392717825823));
#4087=CARTESIAN_POINT('',(-0.481698736704501,-0.55,8.48785881038467));
#4088=CARTESIAN_POINT('',(-0.624999265286156,-0.406819149215072,8.47699097076354));
#4089=CARTESIAN_POINT('',(-0.624999265286294,-0.246250000000261,8.47699097076353));
#4090=CARTESIAN_POINT('',(0.,2.05,0.));
#4091=CARTESIAN_POINT('',(0.,2.05,0.));
#4092=CARTESIAN_POINT('',(-2.53324079618482E-15,2.05,0.75));
#4093=CARTESIAN_POINT('',(-0.619999999999997,2.05,7.47432940135769));
#4094=CARTESIAN_POINT('',(-0.619999999999999,2.05,8.27681098008164));
#4095=CARTESIAN_POINT('',(0.,2.05,0.));
#4096=CARTESIAN_POINT('',(0.620000000000003,2.05,8.27681098008164));
#4097=CARTESIAN_POINT('',(0.620000000000003,2.05,8.37708779946826));
#4098=CARTESIAN_POINT('',(6.1629591378287,2.05,4.27410045102519));
#4099=CARTESIAN_POINT('',(6.85792857107268,2.05,4.67534124038717));
#4100=CARTESIAN_POINT('',(0.,2.05,0.));
#4101=CARTESIAN_POINT('',(7.47792857107268,2.05,3.60146973969446));
#4102=CARTESIAN_POINT('',(7.5647708440722,2.05,3.65160814938777));
#4103=CARTESIAN_POINT('',(6.78295913782869,2.05,-3.2002289503325));
#4104=CARTESIAN_POINT('',(7.47792857107268,2.05,-3.60146973969447));
#4105=CARTESIAN_POINT('',(0.,2.05,0.));
#4106=CARTESIAN_POINT('',(6.85792857107268,2.05,-4.67534124038717));
#4107=CARTESIAN_POINT('',(6.9447708440722,2.05,-4.72547965008048));
#4108=CARTESIAN_POINT('',(0.619999999999999,2.05,-7.47432940135769));
#4109=CARTESIAN_POINT('',(0.619999999999999,2.05,-8.27681098008164));
#4110=CARTESIAN_POINT('',(0.,2.05,0.));
#4111=CARTESIAN_POINT('',(-0.62,2.05,-8.27681098008164));
#4112=CARTESIAN_POINT('',(-0.62,2.05,-8.37708779946826));
#4113=CARTESIAN_POINT('',(-6.16295913782869,2.05,-4.27410045102519));
#4114=CARTESIAN_POINT('',(-6.85792857107268,2.05,-4.67534124038717));
#4115=CARTESIAN_POINT('',(0.,2.05,0.));
#4116=CARTESIAN_POINT('',(-7.47792857107268,2.05,-3.60146973969447));
#4117=CARTESIAN_POINT('',(-7.5647708440722,2.05,-3.65160814938778));
#4118=CARTESIAN_POINT('',(-6.78295913782869,2.05,3.20022895033249));
#4119=CARTESIAN_POINT('',(-7.47792857107268,2.05,3.60146973969447));
#4120=CARTESIAN_POINT('',(0.,2.05,0.));
#4121=CARTESIAN_POINT('',(-6.85792857107268,2.05,4.67534124038718));
#4122=CARTESIAN_POINT('',(-6.94477084407219,2.05,4.72547965008049));
#4123=CARTESIAN_POINT('',(-5.,2.05,0.));
#4124=CARTESIAN_POINT('',(-4.5,2.05,0.));
#4125=CARTESIAN_POINT('',(5.,2.05,0.));
#4126=CARTESIAN_POINT('',(5.5,2.05,0.));
#4127=CARTESIAN_POINT('',(0.,2.05,5.));
#4128=CARTESIAN_POINT('',(0.112500000000001,2.05,4.8051442841485));
#4129=CARTESIAN_POINT('',(0.162500000000001,2.05,4.71854174377006));
#4130=CARTESIAN_POINT('',(-2.13109581933604,2.05,1.40706461974988));
#4131=CARTESIAN_POINT('',(0.235705080756887,2.05,4.99174682452695));
#4132=CARTESIAN_POINT('',(0.173205080756888,2.05,5.1));
#4133=CARTESIAN_POINT('',(0.110705080756888,2.05,5.20825317547306));
#4134=CARTESIAN_POINT('',(-0.311095819336059,2.05,5.18293538025008));
#4135=CARTESIAN_POINT('',(-0.112500000000002,2.05,5.1948557158515));
#4136=CARTESIAN_POINT('',(0.,2.05,5.));
#4137=CARTESIAN_POINT('',(-0.162500000000001,2.05,5.28145825622994));
#4138=CARTESIAN_POINT('',(-0.335705080756887,2.05,5.18145825622994));
#4139=CARTESIAN_POINT('',(-0.335705080756887,2.05,5.18145825622994));
#4140=CARTESIAN_POINT('',(-0.173205080756887,2.05,4.9));
#4141=CARTESIAN_POINT('',(-0.0107050807568828,2.05,4.61854174377006));
#4142=CARTESIAN_POINT('',(-0.0107050807568828,2.05,4.61854174377006));
#4143=CARTESIAN_POINT('',(-0.39150635094611,2.05,5.17810889132455));
#4144=CARTESIAN_POINT('',(-0.39150635094611,2.05,5.17810889132455));
#4145=CARTESIAN_POINT('',(1.53032255013531,2.05,6.28767732470031));
#4146=CARTESIAN_POINT('',(0.,2.05,5.));
#4147=CARTESIAN_POINT('',(1.88032255013531,2.05,5.6814595420512));
#4148=CARTESIAN_POINT('',(1.88032255013531,2.05,5.68145954205121));
#4149=CARTESIAN_POINT('',(-0.0415063509461096,2.05,4.57189110867545));
#4150=CARTESIAN_POINT('',(-0.21650635094611,2.05,4.875));
#4151=CARTESIAN_POINT('',(0.42727110606651,2.05,-5.));
#4152=CARTESIAN_POINT('',(-0.842747291217654,2.05,-6.8137742426072));
#4153=CARTESIAN_POINT('',(0.430097324588909,2.05,-4.99596374165062));
#4154=CARTESIAN_POINT('',(0.,2.05,-5.));
#4155=CARTESIAN_POINT('',(-1.41615372221995,2.05,-6.41227073716146));
#4156=CARTESIAN_POINT('',(-0.42727110606651,2.05,-5.));
#4157=CARTESIAN_POINT('',(-0.143309106413385,2.05,-4.59446023620489));
#4158=CARTESIAN_POINT('',(0.143394109087762,2.05,-4.79521198892775));
#4159=CARTESIAN_POINT('',(-0.114715287270211,2.05,-5.1638304088578));
#4160=CARTESIAN_POINT('',(-0.0123212817340873,2.05,-5.23552746340168));
#4161=CARTESIAN_POINT('',(-0.217109292806334,2.05,-5.09213335431392));
#4162=CARTESIAN_POINT('',(2.18940470653063,2.05,-4.0433224691125));
#4163=CARTESIAN_POINT('',(0.184309209965023,2.05,-5.12905469817898));
#4164=CARTESIAN_POINT('',(0.,2.05,-5.));
#4165=CARTESIAN_POINT('',(0.266224414393922,2.05,-5.18641234181409));
#4166=CARTESIAN_POINT('',(0.380939701664132,2.05,-5.02258193295629));
#4167=CARTESIAN_POINT('',(0.380939701664132,2.05,-5.02258193295629));
#4168=CARTESIAN_POINT('',(0.348689359124218,2.05,-5.));
#4169=CARTESIAN_POINT('',(-0.151509127123713,2.05,-4.64975724932811));
#4170=CARTESIAN_POINT('',(-0.151509127123713,2.05,-4.64975724932811));
#4171=CARTESIAN_POINT('',(-0.266224414393923,2.05,-4.81358765818591));
#4172=CARTESIAN_POINT('',(0.,2.05,-5.));
#4173=CARTESIAN_POINT('',(-0.184309209965023,2.05,-4.87094530182102));
#4174=CARTESIAN_POINT('',(0.526429397283937,2.05,-0.0780644688825077));
#4175=CARTESIAN_POINT('',(0.,6.55,5.));
#4176=CARTESIAN_POINT('',(0.162500000000001,6.55,4.71854174377006));
#4177=CARTESIAN_POINT('',(0.162500000000001,6.225,4.71854174377006));
#4178=CARTESIAN_POINT('',(0.,6.225,5.));
#4179=CARTESIAN_POINT('',(-0.162500000000001,6.225,5.28145825622994));
#4180=CARTESIAN_POINT('',(-0.162500000000001,6.55,5.28145825622994));
#4181=CARTESIAN_POINT('',(-0.112500000000002,6.05,5.1948557158515));
#4182=CARTESIAN_POINT('',(-0.112500000000002,5.825,5.1948557158515));
#4183=CARTESIAN_POINT('',(-8.72213255171473E-16,5.825,5.));
#4184=CARTESIAN_POINT('',(0.112500000000001,5.825,4.8051442841485));
#4185=CARTESIAN_POINT('',(0.112500000000001,6.05,4.8051442841485));
#4186=CARTESIAN_POINT('',(0.,6.55,-5.));
#4187=CARTESIAN_POINT('',(-0.266224414393923,6.55,-4.81358765818591));
#4188=CARTESIAN_POINT('',(-0.266224414393923,6.225,-4.81358765818591));
#4189=CARTESIAN_POINT('',(0.,6.225,-5.));
#4190=CARTESIAN_POINT('',(0.266224414393922,6.225,-5.18641234181409));
#4191=CARTESIAN_POINT('',(0.266224414393922,6.55,-5.18641234181409));
#4192=CARTESIAN_POINT('',(0.184309209965023,6.05,-5.12905469817898));
#4193=CARTESIAN_POINT('',(0.184309209965023,5.825,-5.12905469817898));
#4194=CARTESIAN_POINT('',(-8.67361737988404E-16,5.825,-5.));
#4195=CARTESIAN_POINT('',(-0.184309209965023,5.825,-4.87094530182102));
#4196=CARTESIAN_POINT('',(-0.184309209965023,6.05,-4.87094530182102));
#4197=CARTESIAN_POINT('',(-0.173205080756887,6.55,4.9));
#4198=CARTESIAN_POINT('',(-0.173205080756887,6.225,4.9));
#4199=CARTESIAN_POINT('',(-0.335705080756887,6.225,5.18145825622994));
#4200=CARTESIAN_POINT('',(-0.0107050807568828,6.225,4.61854174377006));
#4201=CARTESIAN_POINT('',(-0.0107050807568828,6.55,4.61854174377006));
#4202=CARTESIAN_POINT('',(-0.335705080756887,6.55,5.18145825622994));
#4203=CARTESIAN_POINT('',(-0.335705080756887,6.55,5.18145825622994));
#4204=CARTESIAN_POINT('',(-0.335705080756887,6.225,5.18145825622994));
#4205=CARTESIAN_POINT('',(-0.0107050807568828,6.55,4.61854174377006));
#4206=CARTESIAN_POINT('',(0.162500000000002,6.225,4.71854174377006));
#4207=CARTESIAN_POINT('',(0.348689359124218,6.55,-5.));
#4208=CARTESIAN_POINT('',(0.11471528727021,6.225,-4.8361695911422));
#4209=CARTESIAN_POINT('',(0.380939701664132,6.225,-5.02258193295629));
#4210=CARTESIAN_POINT('',(-0.151509127123713,6.225,-4.64975724932811));
#4211=CARTESIAN_POINT('',(-0.151509127123713,6.55,-4.64975724932811));
#4212=CARTESIAN_POINT('',(0.380939701664132,6.55,-5.02258193295629));
#4213=CARTESIAN_POINT('',(0.380939701664132,6.55,-5.02258193295629));
#4214=CARTESIAN_POINT('',(0.380939701664132,6.225,-5.02258193295629));
#4215=CARTESIAN_POINT('',(-0.151509127123713,6.55,-4.64975724932811));
#4216=CARTESIAN_POINT('',(-0.266224414393922,6.225,-4.81358765818591));
#4217=CARTESIAN_POINT('',(0.,2.55,-5.));
#4218=CARTESIAN_POINT('',(-0.143309106413385,2.55,-4.59446023620489));
#4219=CARTESIAN_POINT('',(-0.143309106413385,2.55,-4.59446023620489));
#4220=CARTESIAN_POINT('',(-1.35784857215256,2.55,-6.3290023533099));
#4221=CARTESIAN_POINT('',(-1.020425574104E-17,2.55,-5.));
#4222=CARTESIAN_POINT('',(-0.784442141150257,2.55,-6.73050585875564));
#4223=CARTESIAN_POINT('',(-0.842747291217654,2.55,-6.8137742426072));
#4224=CARTESIAN_POINT('',(0.430097324588909,2.55,-4.99596374165062));
#4225=CARTESIAN_POINT('',(0.143394109087762,2.55,-4.79521198892775));
#4226=CARTESIAN_POINT('',(0.42727110606651,2.55,-5.));
#4227=CARTESIAN_POINT('',(-0.784442141150257,2.55,-6.73050585875564));
#4228=CARTESIAN_POINT('',(-0.81498919510632,2.55,-6.77413157297483));
#4229=CARTESIAN_POINT('',(-0.842747291217942,2.50328290191284,-6.81377424260728));
#4230=CARTESIAN_POINT('',(-0.842747291217959,2.45000000000005,-6.8137742426073));
#4231=CARTESIAN_POINT('',(-0.842747291217654,2.45,-6.8137742426072));
#4232=CARTESIAN_POINT('',(-0.842747291217654,2.55,-6.8137742426072));
#4233=CARTESIAN_POINT('',(0.430097324588909,2.55,-4.99596374165062));
#4234=CARTESIAN_POINT('',(0.143394109087762,2.55,-4.79521198892775));
#4235=CARTESIAN_POINT('',(-0.143309106413385,2.55,-4.59446023620489));
#4236=CARTESIAN_POINT('',(-0.42727110606651,2.55,-5.));
#4237=CARTESIAN_POINT('',(-1.41615372221995,2.55,-6.41227073716146));
#4238=CARTESIAN_POINT('',(-1.41615372221995,2.45,-6.41227073716146));
#4239=CARTESIAN_POINT('',(-1.41615372221995,2.45,-6.41227073716146));
#4240=CARTESIAN_POINT('',(-1.41615372221995,2.50326710716153,-6.41227073716146));
#4241=CARTESIAN_POINT('',(-1.38838747718123,2.55000000000088,-6.3726164296547));
#4242=CARTESIAN_POINT('',(-1.35784857215269,2.550000000001,-6.3290023533101));
#4243=CARTESIAN_POINT('',(0.,2.55,-5.));
#4244=CARTESIAN_POINT('',(0.,2.45,-5.));
#4245=CARTESIAN_POINT('',(0.,2.55,5.));
#4246=CARTESIAN_POINT('',(1.88032255013531,2.55,5.68145954205121));
#4247=CARTESIAN_POINT('',(1.79228939896359,2.55,5.6306335785246));
#4248=CARTESIAN_POINT('',(-0.0415063509461096,2.55,4.57189110867545));
#4249=CARTESIAN_POINT('',(-1.020425574104E-17,2.55,5.));
#4250=CARTESIAN_POINT('',(1.44228939896359,2.55,6.23685136117371));
#4251=CARTESIAN_POINT('',(-0.39150635094611,2.55,5.17810889132455));
#4252=CARTESIAN_POINT('',(-0.39150635094611,2.55,5.17810889132455));
#4253=CARTESIAN_POINT('',(-0.21650635094611,2.55,4.875));
#4254=CARTESIAN_POINT('',(0.,2.55,5.));
#4255=CARTESIAN_POINT('',(1.53032255013531,2.55,6.28767732470031));
#4256=CARTESIAN_POINT('',(1.53032255013531,2.45,6.28767732470031));
#4257=CARTESIAN_POINT('',(0.,2.45,5.));
#4258=CARTESIAN_POINT('',(1.88032255013531,2.45,5.6814595420512));
#4259=CARTESIAN_POINT('',(1.88032255013531,2.55,5.6814595420512));
#4260=CARTESIAN_POINT('',(1.88032255013531,2.55,5.68145954205121));
#4261=CARTESIAN_POINT('',(1.88032255013531,2.45,5.6814595420512));
#4262=CARTESIAN_POINT('',(1.88032255013531,2.50326710716153,5.6814595420512));
#4263=CARTESIAN_POINT('',(1.83839915153091,2.55000000000088,5.65725505658161));
#4264=CARTESIAN_POINT('',(1.79228939896379,2.550000000001,5.63063357852472));
#4265=CARTESIAN_POINT('',(-0.0415063509461096,2.55,4.57189110867545));
#4266=CARTESIAN_POINT('',(-0.21650635094611,2.55,4.875));
#4267=CARTESIAN_POINT('',(-0.39150635094611,2.55,5.17810889132455));
#4268=CARTESIAN_POINT('',(-0.39150635094611,2.55,5.17810889132455));
#4269=CARTESIAN_POINT('',(1.44228939896359,2.55,6.23685136117371));
#4270=CARTESIAN_POINT('',(1.4884114553455,2.55,6.26347994284138));
#4271=CARTESIAN_POINT('',(1.53032255013549,2.50328290191282,6.28767732470042));
#4272=CARTESIAN_POINT('',(1.53032255013551,2.45000000000005,6.28767732470043));
#4273=CARTESIAN_POINT('',(-0.114715287270211,6.05,-5.1638304088578));
#4274=CARTESIAN_POINT('',(-0.217109292806334,6.05,-5.09213335431392));
#4275=CARTESIAN_POINT('',(-0.217109292806333,5.825,-5.09213335431392));
#4276=CARTESIAN_POINT('',(-0.114715287270211,5.825,-5.1638304088578));
#4277=CARTESIAN_POINT('',(-0.0123212817340889,5.825,-5.23552746340168));
#4278=CARTESIAN_POINT('',(-0.0123212817340872,6.05,-5.23552746340168));
#4279=CARTESIAN_POINT('',(0.173205080756888,6.05,5.1));
#4280=CARTESIAN_POINT('',(0.235705080756887,6.05,4.99174682452695));
#4281=CARTESIAN_POINT('',(0.235705080756887,5.825,4.99174682452695));
#4282=CARTESIAN_POINT('',(0.173205080756887,5.825,5.1));
#4283=CARTESIAN_POINT('',(0.110705080756886,5.825,5.20825317547306));
#4284=CARTESIAN_POINT('',(0.110705080756888,6.05,5.20825317547306));
#4285=CARTESIAN_POINT('',(2.34923155196477,6.225,-1.64494964168584));
#4286=CARTESIAN_POINT('',(-2.1650635094611,6.225,3.74999999999999));
#4287=CARTESIAN_POINT('',(0.110705080756888,6.05,5.20825317547306));
#4288=CARTESIAN_POINT('',(-0.1125,5.825,5.1948557158515));
#4289=CARTESIAN_POINT('',(0.173205080756887,5.825,5.1));
#4290=CARTESIAN_POINT('',(0.112500000000002,5.825,4.8051442841485));
#4291=CARTESIAN_POINT('',(0.112500000000001,6.05,4.8051442841485));
#4292=CARTESIAN_POINT('',(-0.012321281734087,6.05,-5.23552746340168));
#4293=CARTESIAN_POINT('',(0.184309209965023,5.825,-5.12905469817898));
#4294=CARTESIAN_POINT('',(-0.114715287270211,5.825,-5.1638304088578));
#4295=CARTESIAN_POINT('',(-0.184309209965023,5.825,-4.87094530182101));
#4296=CARTESIAN_POINT('',(-0.184309209965023,6.05,-4.87094530182102));
#4297=CARTESIAN_POINT('',(5.,2.55,0.));
#4298=CARTESIAN_POINT('',(5.,2.55,0.));
#4299=CARTESIAN_POINT('',(5.5,2.55,0.));
#4300=CARTESIAN_POINT('',(5.,2.55,0.));
#4301=CARTESIAN_POINT('',(-5.,2.55,0.));
#4302=CARTESIAN_POINT('',(-5.,2.55,0.));
#4303=CARTESIAN_POINT('',(-4.5,2.55,0.));
#4304=CARTESIAN_POINT('',(-5.,2.55,0.));
#4305=CARTESIAN_POINT('',(0.,1.95,0.));
#4306=CARTESIAN_POINT('',(-1.020425574104E-17,1.95,0.));
#4307=CARTESIAN_POINT('',(-0.624999265285071,1.95,8.3767162968787));
#4308=CARTESIAN_POINT('',(-0.624999265285071,1.95,8.47699097076275));
#4309=CARTESIAN_POINT('',(0.,-2.05,0.));
#4310=CARTESIAN_POINT('',(0.,-2.05,0.));
#4311=CARTESIAN_POINT('',(0.,-2.05,-1.072));
#4312=CARTESIAN_POINT('',(0.,-2.05,0.));
#4313=CARTESIAN_POINT('',(0.,-2.05,-7.75));
#4314=CARTESIAN_POINT('',(0.,-1.3,0.));
#4315=CARTESIAN_POINT('',(0.625000734714929,-0.55,7.47391290299839));
#4316=CARTESIAN_POINT('',(0.625000734714931,1.85,8.47699086242317));
#4317=CARTESIAN_POINT('',(0.625000734714931,1.9028951862451,8.47699086242317));
#4318=CARTESIAN_POINT('',(0.625000734714929,1.95000000000047,8.42960729501455));
#4319=CARTESIAN_POINT('',(0.625000734714929,1.95000000000054,8.37671618724234));
#4320=CARTESIAN_POINT('',(0.625000734714929,-0.24625,7.47391290299839));
#4321=CARTESIAN_POINT('',(-0.624999265285071,-0.55,8.47699097076275));
#4322=CARTESIAN_POINT('',(-0.624999265285071,1.95,8.3767162968787));
#4323=CARTESIAN_POINT('',(-0.624999265285071,1.95,8.42960989305018));
#4324=CARTESIAN_POINT('',(-0.624999265285071,1.90289772339826,8.47699097076312));
#4325=CARTESIAN_POINT('',(-0.624999265285071,1.85000000000009,8.47699097076316));
#4326=CARTESIAN_POINT('',(-0.624999265285071,-0.24625,8.47699097076275));
#4327=CARTESIAN_POINT('',(5.61234065757203E-17,-0.55,0.));
#4328=CARTESIAN_POINT('',(-0.32124926528507,-0.55,0.));
#4329=CARTESIAN_POINT('',(0.321250734714929,-0.55,0.));
#4330=CARTESIAN_POINT('',(0.321250734714928,-0.24625,7.47391290299839));
#4331=CARTESIAN_POINT('',(-0.32124926528507,-0.24625,8.47699097076275));
#4332=CARTESIAN_POINT('',(0.,0.8,0.));
#4333=CARTESIAN_POINT('',(7.5647708440722,0.800000000000001,3.65160814938777));
#4334=CARTESIAN_POINT('',(7.5647708440722,0.800000000000001,3.65160814938776));
#4335=CARTESIAN_POINT('',(0.,0.8,0.));
#4336=CARTESIAN_POINT('',(6.9447708440722,0.800000000000001,4.72547965008048));
#4337=CARTESIAN_POINT('',(6.1629591378287,0.800000000000001,4.27410045102519));
#4338=CARTESIAN_POINT('',(7.5647708440722,0.800000000000001,3.65160814938777));
#4339=CARTESIAN_POINT('',(7.47792857107268,2.05,3.60146973969446));
#4340=CARTESIAN_POINT('',(7.52373625664646,2.05,3.62791681929144));
#4341=CARTESIAN_POINT('',(7.56477084407252,2.00289831902395,3.65160814938796));
#4342=CARTESIAN_POINT('',(7.56477084407256,1.95000000000009,3.65160814938798));
#4343=CARTESIAN_POINT('',(7.5647708440722,1.95,3.65160814938776));
#4344=CARTESIAN_POINT('',(7.5647708440722,0.800000000000001,3.65160814938776));
#4345=CARTESIAN_POINT('',(0.,0.8,0.));
#4346=CARTESIAN_POINT('',(0.,1.95,0.));
#4347=CARTESIAN_POINT('',(6.9447708440722,1.95,4.72547965008048));
#4348=CARTESIAN_POINT('',(6.9447708440722,0.800000000000001,4.72547965008048));
#4349=CARTESIAN_POINT('',(6.1629591378287,0.800000000000001,4.27410045102519));
#4350=CARTESIAN_POINT('',(6.9447708440722,1.95,4.72547965008048));
#4351=CARTESIAN_POINT('',(6.9447708440722,2.00289576156876,4.72547965008048));
#4352=CARTESIAN_POINT('',(6.90373408478491,2.05000000000047,4.70178706605929));
#4353=CARTESIAN_POINT('',(6.85792857107279,2.05000000000054,4.67534124038723));
#4354=CARTESIAN_POINT('',(0.,0.8,0.));
#4355=CARTESIAN_POINT('',(6.9447708440722,0.800000000000001,-4.72547965008048));
#4356=CARTESIAN_POINT('',(6.9447708440722,0.800000000000001,-4.72547965008048));
#4357=CARTESIAN_POINT('',(0.,0.8,0.));
#4358=CARTESIAN_POINT('',(7.5647708440722,0.800000000000001,-3.65160814938778));
#4359=CARTESIAN_POINT('',(6.78295913782869,0.800000000000001,-3.2002289503325));
#4360=CARTESIAN_POINT('',(0.,0.8,0.));
#4361=CARTESIAN_POINT('',(6.9447708440722,0.800000000000001,-4.72547965008048));
#4362=CARTESIAN_POINT('',(6.9447708440722,1.95,-4.72547965008048));
#4363=CARTESIAN_POINT('',(0.,1.95,0.));
#4364=CARTESIAN_POINT('',(7.5647708440722,1.95,-3.65160814938778));
#4365=CARTESIAN_POINT('',(7.5647708440722,0.800000000000001,-3.65160814938778));
#4366=CARTESIAN_POINT('',(6.78295913782869,0.800000000000001,-3.2002289503325));
#4367=CARTESIAN_POINT('',(7.5647708440722,1.95,-3.65160814938778));
#4368=CARTESIAN_POINT('',(7.5647708440722,2.00289576156876,-3.65160814938778));
#4369=CARTESIAN_POINT('',(7.52373408478491,2.05000000000047,-3.6279155653666));
#4370=CARTESIAN_POINT('',(7.47792857107278,2.05000000000054,-3.60146973969453));
#4371=CARTESIAN_POINT('',(6.9447708440722,0.800000000000001,-4.72547965008048));
#4372=CARTESIAN_POINT('',(6.85792857107268,2.05,-4.67534124038717));
#4373=CARTESIAN_POINT('',(6.90373625664646,2.05,-4.70178831998415));
#4374=CARTESIAN_POINT('',(6.94477084407251,2.00289831902395,-4.72547965008067));
#4375=CARTESIAN_POINT('',(6.94477084407256,1.95000000000009,-4.72547965008069));
#4376=CARTESIAN_POINT('',(0.,0.8,0.));
#4377=CARTESIAN_POINT('',(-0.62,0.8,-8.37708779946826));
#4378=CARTESIAN_POINT('',(-0.62,0.8,-8.37708779946826));
#4379=CARTESIAN_POINT('',(0.,0.8,0.));
#4380=CARTESIAN_POINT('',(0.619999999999999,0.8,-8.37708779946826));
#4381=CARTESIAN_POINT('',(0.619999999999999,0.8,-7.47432940135769));
#4382=CARTESIAN_POINT('',(-0.62,0.8,-8.37708779946826));
#4383=CARTESIAN_POINT('',(-0.62,2.05,-8.27681098008164));
#4384=CARTESIAN_POINT('',(-0.62,2.05,-8.32970513927559));
#4385=CARTESIAN_POINT('',(-0.62,2.00289831902395,-8.37708779946863));
#4386=CARTESIAN_POINT('',(-0.62,1.95000000000009,-8.37708779946868));
#4387=CARTESIAN_POINT('',(-0.62,1.95,-8.37708779946826));
#4388=CARTESIAN_POINT('',(-0.62,0.8,-8.37708779946826));
#4389=CARTESIAN_POINT('',(0.619999999999999,0.8,-7.47432940135769));
#4390=CARTESIAN_POINT('',(0.619999999999999,0.8,-8.37708779946826));
#4391=CARTESIAN_POINT('',(0.619999999999999,1.95,-8.37708779946826));
#4392=CARTESIAN_POINT('',(0.619999999999999,1.95,-8.37708779946826));
#4393=CARTESIAN_POINT('',(0.619999999999999,2.00289576156876,-8.37708779946826));
#4394=CARTESIAN_POINT('',(0.619999999999999,2.05000000000047,-8.32970263142589));
#4395=CARTESIAN_POINT('',(0.619999999999999,2.05000000000054,-8.27681098008176));
#4396=CARTESIAN_POINT('',(0.,0.8,0.));
#4397=CARTESIAN_POINT('',(0.,1.95,0.));
#4398=CARTESIAN_POINT('',(0.,0.8,0.));
#4399=CARTESIAN_POINT('',(-7.5647708440722,0.799999999999999,-3.65160814938778));
#4400=CARTESIAN_POINT('',(-7.5647708440722,0.799999999999999,-3.65160814938778));
#4401=CARTESIAN_POINT('',(0.,0.8,0.));
#4402=CARTESIAN_POINT('',(-6.9447708440722,0.799999999999999,-4.72547965008048));
#4403=CARTESIAN_POINT('',(-6.16295913782869,0.799999999999999,-4.27410045102519));
#4404=CARTESIAN_POINT('',(-7.5647708440722,0.799999999999999,-3.65160814938778));
#4405=CARTESIAN_POINT('',(-7.47792857107268,2.05,-3.60146973969447));
#4406=CARTESIAN_POINT('',(-7.52373625664646,2.05,-3.62791681929144));
#4407=CARTESIAN_POINT('',(-7.56477084407251,2.00289831902395,-3.65160814938796));
#4408=CARTESIAN_POINT('',(-7.56477084407256,1.95000000000009,-3.65160814938799));
#4409=CARTESIAN_POINT('',(-7.5647708440722,1.95,-3.65160814938778));
#4410=CARTESIAN_POINT('',(-7.5647708440722,0.799999999999999,-3.65160814938778));
#4411=CARTESIAN_POINT('',(-6.16295913782869,0.799999999999999,-4.27410045102519));
#4412=CARTESIAN_POINT('',(-6.9447708440722,0.799999999999999,-4.72547965008048));
#4413=CARTESIAN_POINT('',(-6.9447708440722,1.95,-4.72547965008048));
#4414=CARTESIAN_POINT('',(-6.9447708440722,1.95,-4.72547965008048));
#4415=CARTESIAN_POINT('',(-6.9447708440722,2.00289576156876,-4.72547965008048));
#4416=CARTESIAN_POINT('',(-6.90373408478491,2.05000000000048,-4.7017870660593));
#4417=CARTESIAN_POINT('',(-6.85792857107279,2.05000000000054,-4.67534124038723));
#4418=CARTESIAN_POINT('',(0.,0.8,0.));
#4419=CARTESIAN_POINT('',(0.,1.95,0.));
#4420=CARTESIAN_POINT('',(0.,0.8,0.));
#4421=CARTESIAN_POINT('',(-6.94477084407219,0.799999999999999,4.72547965008049));
#4422=CARTESIAN_POINT('',(-6.94477084407219,0.799999999999999,4.72547965008049));
#4423=CARTESIAN_POINT('',(0.,0.8,0.));
#4424=CARTESIAN_POINT('',(-7.5647708440722,0.799999999999999,3.65160814938778));
#4425=CARTESIAN_POINT('',(-6.78295913782869,0.799999999999999,3.20022895033249));
#4426=CARTESIAN_POINT('',(-6.94477084407219,0.799999999999999,4.72547965008049));
#4427=CARTESIAN_POINT('',(-6.85792857107268,2.05,4.67534124038718));
#4428=CARTESIAN_POINT('',(-6.90373625664645,2.05,4.70178831998415));
#4429=CARTESIAN_POINT('',(-6.94477084407251,2.00289831902395,4.72547965008067));
#4430=CARTESIAN_POINT('',(-6.94477084407256,1.95000000000009,4.7254796500807));
#4431=CARTESIAN_POINT('',(-6.94477084407219,1.95,4.72547965008049));
#4432=CARTESIAN_POINT('',(-6.94477084407219,0.799999999999999,4.72547965008049));
#4433=CARTESIAN_POINT('',(-6.78295913782869,0.799999999999999,3.20022895033249));
#4434=CARTESIAN_POINT('',(-7.5647708440722,0.799999999999999,3.65160814938778));
#4435=CARTESIAN_POINT('',(-7.5647708440722,1.95,3.65160814938778));
#4436=CARTESIAN_POINT('',(-7.5647708440722,1.95,3.65160814938778));
#4437=CARTESIAN_POINT('',(-7.5647708440722,2.00289576156876,3.65160814938778));
#4438=CARTESIAN_POINT('',(-7.52373408478491,2.05000000000047,3.6279155653666));
#4439=CARTESIAN_POINT('',(-7.47792857107278,2.05000000000054,3.60146973969453));
#4440=CARTESIAN_POINT('',(0.,0.8,0.));
#4441=CARTESIAN_POINT('',(0.,1.95,0.));
#4442=CARTESIAN_POINT('',(0.,0.8,0.));
#4443=CARTESIAN_POINT('',(0.620000000000003,0.8,8.37708779946826));
#4444=CARTESIAN_POINT('',(0.620000000000003,0.8,8.37708779946826));
#4445=CARTESIAN_POINT('',(0.,0.8,0.));
#4446=CARTESIAN_POINT('',(-0.62,0.8,8.37708779946826));
#4447=CARTESIAN_POINT('',(-0.619999999999997,0.8,7.47432940135769));
#4448=CARTESIAN_POINT('',(0.620000000000003,0.8,8.37708779946826));
#4449=CARTESIAN_POINT('',(0.620000000000002,2.05,8.27681098008164));
#4450=CARTESIAN_POINT('',(0.620000000000003,2.05,8.32970513927559));
#4451=CARTESIAN_POINT('',(0.620000000000003,2.00289831902395,8.37708779946863));
#4452=CARTESIAN_POINT('',(0.620000000000003,1.95000000000009,8.37708779946868));
#4453=CARTESIAN_POINT('',(0.620000000000003,1.95,8.37708779946826));
#4454=CARTESIAN_POINT('',(0.620000000000003,0.8,8.37708779946826));
#4455=CARTESIAN_POINT('',(-0.619999999999997,0.8,7.47432940135769));
#4456=CARTESIAN_POINT('',(-0.62,0.8,8.37708779946826));
#4457=CARTESIAN_POINT('',(-0.62,1.95,8.37708779946826));
#4458=CARTESIAN_POINT('',(-0.62,1.95,8.37708779946826));
#4459=CARTESIAN_POINT('',(-0.62,2.00289576156876,8.37708779946826));
#4460=CARTESIAN_POINT('',(-0.62,2.05000000000047,8.32970263142589));
#4461=CARTESIAN_POINT('',(-0.619999999999999,2.05000000000054,8.27681098008176));
#4462=CARTESIAN_POINT('',(0.,0.8,0.));
#4463=CARTESIAN_POINT('',(0.,1.95,0.));
#4464=CARTESIAN_POINT('',(0.,-1.8,0.));
#4465=CARTESIAN_POINT('',(0.,-1.978,0.));
#4466=CARTESIAN_POINT('',(0.,-1.978,-1.));
#4467=CARTESIAN_POINT('',(0.,-1.7,0.));
#4468=CARTESIAN_POINT('',(1.,-1.7,0.));
#4469=CARTESIAN_POINT('',(0.,-1.7,0.));
#4470=CARTESIAN_POINT('',(0.,1.85,0.));
#4471=CARTESIAN_POINT('',(0.,1.85,0.));
#4472=CARTESIAN_POINT('',(0.,1.85,0.));
#4473=CARTESIAN_POINT('',(0.,1.85,0.));
#4474=CARTESIAN_POINT('',(0.,1.85,0.));
#4475=CARTESIAN_POINT('',(0.,1.85,0.));
#4476=CARTESIAN_POINT('',(0.,1.95,0.));
#4477=CARTESIAN_POINT('',(0.,1.95,0.));
#4478=CARTESIAN_POINT('',(0.,1.95,0.));
#4479=CARTESIAN_POINT('',(0.,1.95,0.));
#4480=CARTESIAN_POINT('',(0.,1.95,0.));
#4481=CARTESIAN_POINT('',(0.,1.95,0.));
#4482=CARTESIAN_POINT('',(0.,2.45,5.));
#4483=CARTESIAN_POINT('',(0.,2.45,-5.));
#4484=CARTESIAN_POINT('',(0.,1.75,0.));
#4485=CARTESIAN_POINT('',(0.,1.75,0.));
#4486=CARTESIAN_POINT('',(-2.53324079618482E-15,1.75,0.75));
#4487=CARTESIAN_POINT('',(0.,1.75,0.));
#4488=CARTESIAN_POINT('',(0.,-1.978,0.));
#4489=MECHANICAL_DESIGN_GEOMETRIC_PRESENTATION_REPRESENTATION('',(#1995,
#1996,#1997,#1998,#1999,#2000,#2001,#2002,#2003,#2004,#2005,#2006,#2007,
#2008,#2009,#2010,#2011,#2012,#2013,#2014,#2015,#2016,#2017,#2018,#2019,
#2020,#2021,#2022,#2023,#2024,#2025,#2026,#2027,#2028,#2029,#2030,#2031,
#2032,#2033,#2034,#2035,#2036,#2037,#2038,#2039,#2040,#2041,#2042,#2043,
#2044,#2045,#2046,#2047,#2048,#2049,#2050,#2051,#2052,#2053,#2054,#2055,
#2056,#2057,#2058,#2059,#2060,#2061,#2062,#2063,#2064,#2065,#2066,#2067,
#2068,#2069,#2070,#2071,#2072,#2073,#2074,#2075,#2076,#2077,#2078,#2079,
#2080,#2081,#2082,#2083,#2084,#2085,#2086,#2087,#2088,#2089,#2090,#2091,
#2092,#2093,#2094,#2095,#2096,#2097,#2098,#2099,#2100,#2101,#2102,#2103,
#2104,#2105,#2106,#2107,#2108,#2109,#2110),#4490);
#4490=(
GEOMETRIC_REPRESENTATION_CONTEXT(3)
GLOBAL_UNCERTAINTY_ASSIGNED_CONTEXT((#4491))
GLOBAL_UNIT_ASSIGNED_CONTEXT((#4494,#4493,#4492))
REPRESENTATION_CONTEXT('PS1740P02CE','TOP_LEVEL_ASSEMBLY_PART')
);
#4491=UNCERTAINTY_MEASURE_WITH_UNIT(LENGTH_MEASURE(0.005),#4494,
'DISTANCE_ACCURACY_VALUE','Maximum Tolerance applied to model');
#4492=(
NAMED_UNIT(*)
SI_UNIT($,.STERADIAN.)
SOLID_ANGLE_UNIT()
);
#4493=(
NAMED_UNIT(*)
PLANE_ANGLE_UNIT()
SI_UNIT($,.RADIAN.)
);
#4494=(
LENGTH_UNIT()
NAMED_UNIT(*)
SI_UNIT(.MILLI.,.METRE.)
);
#4495=PRODUCT_DEFINITION_SHAPE('','',#4496);
#4496=PRODUCT_DEFINITION('','',#4498,#4497);
#4497=PRODUCT_DEFINITION_CONTEXT('',#4504,'design');
#4498=PRODUCT_DEFINITION_FORMATION_WITH_SPECIFIED_SOURCE('','',#4500,
 .NOT_KNOWN.);
#4499=PRODUCT_RELATED_PRODUCT_CATEGORY('','',(#4500));
#4500=PRODUCT('PS1740P02CE','PS1740P02CE','PS1740P02CE',(#4502));
#4501=PRODUCT_CATEGORY('','');
#4502=PRODUCT_CONTEXT('',#4504,'mechanical');
#4503=APPLICATION_PROTOCOL_DEFINITION('international standard',
'automotive_design',2010,#4504);
#4504=APPLICATION_CONTEXT(
'core data for automotive mechanical design processes');
ENDSEC;
END-ISO-10303-21;
